,name,location,open_times,amenities,phone,website,rating,url
0,The Burgundy By Chef Stone,Abuja Photos,N/A,N/A,Call,"https://maps.apple.com/maps?saddr=&daddr=990 Nal Boulevard Behind Fraser Suite, Central Area, Abuja 900103 Nigeria@9.055409,7.475511",5.05 of 5 bubbles(1 review),https://www.tripadvisor.com/Restaurant_Review-g293825-d24116811-Reviews-The_Burgundy_By_Chef_Stone-Abuja_Federal_Capital_Territory.html
1,N/A,N/A,N/A,N/A,N/A,N/A,N/A,https://www.tripadvisor.com/Restaurant_Review-g293825-d20028898-Reviews-Last_Gate_Restaurant_and_Bush_Bar-Abuja_Federal_Capital_Territory.html
2,LiquidHub Abuja,Abuja Photos,N/A,N/A,Call,"https://maps.apple.com/maps?saddr=&daddr=Plot 989 Olusegun Obasanjo Way Cbd Along Nnpc Gas Station Close To Fraiser Suite Near Eterna Filling Station, Abuja Nigeria@9.054732,7.473926",No reviews yet(0 reviews),https://www.tripadvisor.com/Restaurant_Review-g293825-d24169929-Reviews-LiquidHub_Abuja-Abuja_Federal_Capital_Territory.html
3,N/A,N/A,N/A,N/A,N/A,N/A,N/A,https://www.tripadvisor.com/Restaurant_Review-g293825-d8522965-Reviews-Boat_House-Abuja_Federal_Capital_Territory.html
4,High Street Cafe Abuja,Abuja Photos,N/A,N/A,Call,"https://maps.apple.com/maps?saddr=&daddr=After Paygreens, Adetokunbo Ademola Crescent, Wuse, Abuja 900288 Nigeria@9.070888,7.482254",No reviews yet(0 reviews),https://www.tripadvisor.com/Restaurant_Review-g293825-d23735161-Reviews-High_Street_Cafe_Abuja-Abuja_Federal_Capital_Territory.html
5,N/A,N/A,N/A,N/A,N/A,N/A,N/A,https://www.tripadvisor.com/Restaurant_Review-g293825-d28150089-Reviews-Papillon_Restaurant_Abuja-Abuja_Federal_Capital_Territory.html
6,The Ivy League,Abuja Photos,N/A,N/A,Call,"https://maps.google.com/maps?saddr=&daddr=69 Adetokunbo Ademola Crescent, Abuja 900288 Nigeria@9.070366,7.482558",5.05 of 5 bubbles(1 review),https://www.tripadvisor.com/Restaurant_Review-g293825-d23721183-Reviews-The_Ivy_League-Abuja_Federal_Capital_Territory.html
7,Hugoz Shawarma Spot,Abuja Photos,N/A,N/A,Call,"https://maps.apple.com/maps?saddr=&daddr=House 8, Zone D, Apo Resettlement Opposite Awesome Plaza, In Front Of Bamak Pharmacy, Abuja 900104 Nigeria@9.076013,7.398473",5.05 of 5 bubbles(3 reviews),https://www.tripadvisor.com/Restaurant_Review-g293825-d23431948-Reviews-Hugoz_Shawarma_Spot-Abuja_Federal_Capital_Territory.html
8,Gigantiz,Abuja Photos,N/A,N/A,Call,"https://maps.apple.com/maps?saddr=&daddr=48 Adetokunbo Ademola Cr., Abuja 900288 Nigeria@9.071825,7.483992",1.01 of 5 bubbles(1 review),https://www.tripadvisor.com/Restaurant_Review-g293825-d20120077-Reviews-Gigantiz-Abuja_Federal_Capital_Territory.html
9,Speakeasy,Abuja Photos,N/A,N/A,Call,"https://maps.google.com/maps?saddr=&daddr=10 Kolda Link St Wuse, Abuja 900001 Nigeria@9.069245,7.488664",No reviews yet(0 reviews),https://www.tripadvisor.com/Restaurant_Review-g293825-d20834722-Reviews-Speakeasy-Abuja_Federal_Capital_Territory.html
10,N/A,N/A,N/A,N/A,N/A,N/A,N/A,https://www.tripadvisor.com/Restaurant_Review-g293825-d12140154-Reviews-Beer_Barn-Abuja_Federal_Capital_Territory.html
11,N/A,N/A,N/A,N/A,N/A,N/A,N/A,https://www.tripadvisor.com/Restaurant_Review-g293825-d14139876-Reviews-The_Jerk_Shack-Abuja_Federal_Capital_Territory.html
12,Nile Bakery,Abuja Photos,N/A,N/A,Call,"https://maps.apple.com/maps?saddr=&daddr=Barla St Plot 681, Cadastral Zone C-OO, Research & Institution Area, Nile University of Nigeria, Abuja 900108 Nigeria@9.01387,7.396472",No reviews yet(0 reviews),https://www.tripadvisor.com/Restaurant_Review-g293825-d23140466-Reviews-Nile_Bakery-Abuja_Federal_Capital_Territory.html
13,Cold Stone,Abuja Photos,N/A,N/A,N/A,"https://maps.apple.com/maps?saddr=&daddr=1st Avenue Gwarimpa, Abuja Nigeria@8.804441,7.198126",No reviews yet(0 reviews),https://www.tripadvisor.com/Restaurant_Review-g293825-d23159698-Reviews-Cold_Stone-Abuja_Federal_Capital_Territory.html
14,Chez Victor,Abuja Photos,N/A,N/A,Call,"https://maps.google.com/maps?saddr=&daddr=Maitama Ave., Abuja 900221 Nigeria@9.10231,7.48667",4.24.2 of 5 bubbles(46 reviews),https://www.tripadvisor.com/Restaurant_Review-g293825-d6033867-Reviews-Chez_Victor-Abuja_Federal_Capital_Territory.html
15,Downtown Take Away,Abuja Photos,N/A,N/A,Call,"https://maps.apple.com/maps?saddr=&daddr=38 Gana Street, Abuja 900271 Nigeria@9.08121,7.50041",No reviews yet(0 reviews),https://www.tripadvisor.com/Restaurant_Review-g293825-d14153074-Reviews-Downtown_Take_Away-Abuja_Federal_Capital_Territory.html
16,New Yorker Restaurant,Abuja Photos,N/A,N/A,Call,"https://maps.apple.com/maps?saddr=&daddr=Plot 2787 Shehu Shagari Way, Opposite Imani Estate, Maitama Abuja., Abuja 900271 Nigeria@9.084953,7.489542",4.24.2 of 5 bubbles(6 reviews),https://www.tripadvisor.com/Restaurant_Review-g293825-d17621770-Reviews-New_Yorker_Restaurant-Abuja_Federal_Capital_Territory.html
17,N/A,N/A,N/A,N/A,N/A,N/A,N/A,https://www.tripadvisor.com/Restaurant_Review-g293825-d25397397-Reviews-Hotspot_Restaurant_Lounge-Abuja_Federal_Capital_Territory.html
18,N/A,N/A,N/A,N/A,N/A,N/A,N/A,https://www.tripadvisor.com/Restaurant_Review-g293825-d21505198-Reviews-Lagos_Bistro-Abuja_Federal_Capital_Territory.html
19,Wellness Spot Restaurant,Abuja Photos,N/A,N/A,Call,"https://maps.apple.com/maps?saddr=&daddr=Numberger Platz, Adetokumbo Ademola Crescent Beside Visa Phone, Wuse 2,, Abuja 900001 Nigeria@9.07754,7.47888",4.54.5 of 5 bubbles(4 reviews),https://www.tripadvisor.com/Restaurant_Review-g293825-d12623125-Reviews-Wellness_Spot_Restaurant-Abuja_Federal_Capital_Territory.html
20,Nuit De Paris,Abuja Photos,N/A,N/A,Call,"https://maps.apple.com/maps?saddr=&daddr=NO 10 Fandriana Close Wuse 2, Abuja 100001 Nigeria@9.076646,7.471515",4.04 of 5 bubbles(1 review),https://www.tripadvisor.com/Restaurant_Review-g293825-d19810638-Reviews-Nuit_De_Paris-Abuja_Federal_Capital_Territory.html
21,Blue Flame Lounge & Restaurant,Abuja Photos,N/A,N/A,Call,"https://maps.apple.com/maps?saddr=&daddr=53b Euphrates Crescent, Abuja 900271 Nigeria@9.088329,7.474192",No reviews yet(0 reviews),https://www.tripadvisor.com/Restaurant_Review-g293825-d23626908-Reviews-Blue_Flame_Lounge_Restaurant-Abuja_Federal_Capital_Territory.html
22,N/A,N/A,N/A,N/A,N/A,N/A,N/A,https://www.tripadvisor.com/Restaurant_Review-g293825-d18929993-Reviews-The_Grill_King_Restaurant_and_Coffee_Bar-Abuja_Federal_Capital_Territory.html
23,Johnny Rockets,Abuja Photos,N/A,N/A,Call,"https://maps.apple.com/maps?saddr=&daddr=Bala Sokoto Way Jabi Lake Mall, Abuja 900241 Nigeria@9.07938,7.42841",5.05 of 5 bubbles(2 reviews),https://www.tripadvisor.com/Restaurant_Review-g293825-d19690991-Reviews-Johnny_Rockets-Abuja_Federal_Capital_Territory.html
24,4GUYS Restaurant,Abuja Photos,N/A,N/A,Call,"https://maps.google.com/maps?saddr=&daddr=913 Adetokunbo Ademola Cr. Wuse, Abuja 900288 Nigeria@9.079604,7.481013",4.04 of 5 bubbles(16 reviews),https://www.tripadvisor.com/Restaurant_Review-g293825-d20160385-Reviews-4GUYS_Restaurant-Abuja_Federal_Capital_Territory.html
25,N/A,N/A,N/A,N/A,N/A,N/A,N/A,https://www.tripadvisor.com/Restaurant_Review-g293825-d12569730-Reviews-Skillets_N_Mugs-Abuja_Federal_Capital_Territory.html
26,Bills Restaurant And Lounge,Abuja Photos,N/A,N/A,Call,"https://maps.apple.com/maps?saddr=&daddr=63 Adetokunbo Ademola Crescent Wuse 2, Abuja 900288 Nigeria@9.05785,7.49508",No reviews yet(0 reviews),https://www.tripadvisor.com/Restaurant_Review-g293825-d32877829-Reviews-Bills_Restaurant_And_Lounge-Abuja_Federal_Capital_Territory.html
27,N/A,N/A,N/A,N/A,N/A,N/A,N/A,https://www.tripadvisor.com/Restaurant_Review-g293825-d20809305-Reviews-The_Corner_Cafe-Abuja_Federal_Capital_Territory.html
28,N/A,N/A,N/A,N/A,N/A,N/A,N/A,https://www.tripadvisor.com/Restaurant_Review-g293825-d24131917-Reviews-Dodo_Pizza_Lugbe-Abuja_Federal_Capital_Territory.html
29,Tagine Cuisine,Abuja Photos,N/A,N/A,Call,"https://maps.apple.com/maps?saddr=&daddr=Tagine Cuisine Restaurant No 4 Osun Cres, Maitama,, Abuja 904101 Nigeria@9.101579,7.493499",No reviews yet(0 reviews),https://www.tripadvisor.com/Restaurant_Review-g293825-d28983493-Reviews-Tagine_Cuisine-Abuja_Federal_Capital_Territory.html
30,Sisi Bole,Abuja Photos,N/A,N/A,Call,"https://maps.apple.com/maps?saddr=&daddr=Wuse II, Abuja 70 Aminu Kano Cres. Kryxtal Lounge, Abuja 900281 Nigeria@9.076315,7.462641",No reviews yet(0 reviews),https://www.tripadvisor.com/Restaurant_Review-g293825-d13956689-Reviews-Sisi_Bole-Abuja_Federal_Capital_Territory.html
31,King's Court Restaurant,Abuja Photos,N/A,N/A,+234 912 263 7783,"https://maps.google.com/maps?saddr=&daddr=Edad Plaza, 1st Avenue, Abuja, Nigeria, Abuja Nigeria@9.094159,7.415212",No reviews yet(0 reviews),https://www.tripadvisor.com/Restaurant_Review-g293825-d25407298-Reviews-King_s_Court_Restaurant-Abuja_Federal_Capital_Territory.html
32,Barkono Grill,Abuja Photos,N/A,N/A,Call,"https://maps.apple.com/maps?saddr=&daddr=1056 Abdul One Mohammad Close, Abuja 905102 Nigeria@9.006649,7.472887",3.93.9 of 5 bubbles(14 reviews),https://www.tripadvisor.com/Restaurant_Review-g293825-d7098808-Reviews-Barkono_Grill-Abuja_Federal_Capital_Territory.html
33,N/A,N/A,N/A,N/A,N/A,N/A,N/A,https://www.tripadvisor.com/Restaurant_Review-g293825-d32626860-Reviews-Burger_King_Nigeria_Gateway_Mall-Abuja_Federal_Capital_Territory.html
34,N/A,N/A,N/A,N/A,N/A,N/A,N/A,https://www.tripadvisor.com/Restaurant_Review-g293825-d25295989-Reviews-Ocean_Basket_Abuja_Jabi_Lake_Mall-Abuja_Federal_Capital_Territory.html
35,Pizza Hut Jabi Lakemall,Abuja Photos,N/A,N/A,Call,"https://maps.apple.com/maps?saddr=&daddr=Jabi Lake Mall, Abuja 900108, Abuja Nigeria@9.05785,7.49508",No reviews yet(0 reviews),https://www.tripadvisor.com/Restaurant_Review-g293825-d28055927-Reviews-Pizza_Hut_Jabi_Lakemall-Abuja_Federal_Capital_Territory.html
36,N/A,N/A,N/A,N/A,N/A,N/A,N/A,https://www.tripadvisor.com/Restaurant_Review-g293825-d21008551-Reviews-Crush_Cafe_Gwarimpa-Abuja_Federal_Capital_Territory.html
37,N/A,N/A,N/A,N/A,N/A,N/A,N/A,https://www.tripadvisor.com/Restaurant_Review-g293825-d17520958-Reviews-Mammy_Market_Fish_BBQ-Abuja_Federal_Capital_Territory.html
38,N/A,N/A,N/A,N/A,N/A,N/A,N/A,https://www.tripadvisor.com/Restaurant_Review-g293825-d10525914-Reviews-HYDE_Restaurant_Lounge-Abuja_Federal_Capital_Territory.html
39,Blend Baby,Abuja Photos,N/A,N/A,Call,"https://maps.google.com/maps?saddr=&daddr=N¬∞7 Lingu Crescent, Opposite Chicken Capitol, Wuse 2 Abuja, Abuja Nigeria@9.072153,7.466818",5.05 of 5 bubbles(1 review),https://www.tripadvisor.com/Restaurant_Review-g293825-d27955646-Reviews-Blend_Baby-Abuja_Federal_Capital_Territory.html
40,BILLS RESTAURANT,Abuja Photos,N/A,N/A,Call,"https://maps.apple.com/maps?saddr=&daddr=63 Adetokunbo Ademola Cres Wuse 2, Abuja 904101 Nigeria",No reviews yet(0 reviews),https://www.tripadvisor.com/Restaurant_Review-g293825-d28391298-Reviews-BILLS_RESTAURANT-Abuja_Federal_Capital_Territory.html
41,Sodic Garden,Abuja Photos,N/A,N/A,Call,"https://maps.apple.com/maps?saddr=&daddr=Plot No.1177/1911, Kafe District, After Stella Maris School, before Godab Estate, Abuja 900001 Nigeria@9.076479,7.398574",No reviews yet(0 reviews),https://www.tripadvisor.com/Restaurant_Review-g293825-d15191346-Reviews-Sodic_Garden-Abuja_Federal_Capital_Territory.html
42,De Naija Fries - Akara & Akamu In The City,Abuja Photos,N/A,N/A,Call,"https://maps.apple.com/maps?saddr=&daddr=18 Blantyre Street Off Ademola Adetokunbo Crescent, Abuja Nigeria@9.07295,7.4834",No reviews yet(0 reviews),https://www.tripadvisor.com/Restaurant_Review-g293825-d19460855-Reviews-De_Naija_Fries_Akara_Akamu_In_The_City-Abuja_Federal_Capital_Territory.html
43,Soup Embassy,Abuja Photos,N/A,N/A,Call,"https://maps.google.com/maps?saddr=&daddr=No 55 vision court estate apo Abuja, Abuja Nigeria@9.075488,7.46391",No reviews yet(0 reviews),https://www.tripadvisor.com/Restaurant_Review-g293825-d19421342-Reviews-Soup_Embassy-Abuja_Federal_Capital_Territory.html
44,N/A,N/A,N/A,N/A,N/A,N/A,N/A,https://www.tripadvisor.com/Restaurant_Review-g293825-d7676051-Reviews-Stamford_Hotels-Abuja_Federal_Capital_Territory.html
45,N/A,N/A,N/A,N/A,N/A,N/A,N/A,https://www.tripadvisor.com/Restaurant_Review-g293825-d13814268-Reviews-Eetsumore-Abuja_Federal_Capital_Territory.html
46,N/A,N/A,N/A,N/A,N/A,N/A,N/A,https://www.tripadvisor.com/Restaurant_Review-g293825-d11950116-Reviews-Naira_restaurant-Abuja_Federal_Capital_Territory.html
47,Checkpoint Restaurant,Abuja Photos,N/A,N/A,Call,"https://maps.google.com/maps?saddr=&daddr=2 Sakono Street Wuse 2, Abuja 900288 Nigeria@9.072439,7.475618",No reviews yet(0 reviews),https://www.tripadvisor.com/Restaurant_Review-g293825-d32785333-Reviews-Checkpoint_Restaurant-Abuja_Federal_Capital_Territory.html
48,N/A,N/A,N/A,N/A,N/A,N/A,N/A,https://www.tripadvisor.com/Restaurant_Review-g293825-d9993977-Reviews-Faies_Pastries-Abuja_Federal_Capital_Territory.html
49,Puro,Abuja Photos,N/A,N/A,N/A,"https://maps.google.com/maps?saddr=&daddr=33 Gana Street, Abuja 900271 Nigeria@9.079017,7.50048",5.05 of 5 bubbles(1 review),https://www.tripadvisor.com/Restaurant_Review-g293825-d26614272-Reviews-Puro-Abuja_Federal_Capital_Territory.html
50,N/A,N/A,N/A,N/A,N/A,N/A,N/A,https://www.tripadvisor.com/Restaurant_Review-g293825-d24985798-Reviews-Amala_Experience-Abuja_Federal_Capital_Territory.html
51,DownTown TakeAway,Abuja Photos,N/A,N/A,Call,"https://maps.google.com/maps?saddr=&daddr=38 Gana St., Abuja 900271 Nigeria@9.07854,7.500161",4.04 of 5 bubbles(4 reviews),https://www.tripadvisor.com/Restaurant_Review-g293825-d14151407-Reviews-DownTown_TakeAway-Abuja_Federal_Capital_Territory.html
52,Irie Resto Lounge,Abuja Photos,N/A,N/A,Call,"https://maps.apple.com/maps?saddr=&daddr=Bala Sokoto Street Jabi Lake Mall, Abuja 900241 Nigeria@9.076013,7.398473",4.94.9 of 5 bubbles(9 reviews),https://www.tripadvisor.com/Restaurant_Review-g293825-d24141734-Reviews-Irie_Resto_Lounge-Abuja_Federal_Capital_Territory.html
53,Bamboo Lounge,Abuja Photos,N/A,N/A,Call,"https://maps.apple.com/maps?saddr=&daddr=6 Salt Lake Off Usuma Street, Abuja 905102 Nigeria@9.07544,7.50019",3.63.6 of 5 bubbles(5 reviews),https://www.tripadvisor.com/Restaurant_Review-g293825-d10277214-Reviews-Bamboo_Lounge-Abuja_Federal_Capital_Territory.html
54,N/A,N/A,N/A,N/A,N/A,N/A,N/A,https://www.tripadvisor.com/Restaurant_Review-g293825-d8760525-Reviews-Eskimo_Lounge_Resturant-Abuja_Federal_Capital_Territory.html
55,Vii Bistro,Abuja Photos,N/A,N/A,Call,"https://maps.apple.com/maps?saddr=&daddr=7 Kampala St., Abuja 900288 Nigeria@9.078187,7.480761",No reviews yet(0 reviews),https://www.tripadvisor.com/Restaurant_Review-g293825-d23545959-Reviews-Vii_Bistro-Abuja_Federal_Capital_Territory.html
56,N/A,N/A,N/A,N/A,N/A,N/A,N/A,https://www.tripadvisor.com/Restaurant_Review-g293825-d23850959-Reviews-A_Bar_Called_Paper-Abuja_Federal_Capital_Territory.html
57,Platters and Co Restaurant,Abuja Photos,N/A,N/A,Call,"https://maps.google.com/maps?saddr=&daddr=Novare Central Mall Dalaba Street Wuse Zone 5, Abuja Nigeria@9.076013,7.398473",No reviews yet(0 reviews),https://www.tripadvisor.com/Restaurant_Review-g293825-d27011991-Reviews-Platters_and_Co_Restaurant-Abuja_Federal_Capital_Territory.html
58,"Krispy Kreme, Lugbe, Abuja",Abuja Photos,N/A,N/A,Call,"https://maps.apple.com/maps?saddr=&daddr=Musa Yar‚ÄôAdua expressway, Airport Rd, Abuja 900107 Nigeria@9.033953,7.446011",1.01 of 5 bubbles(1 review),https://www.tripadvisor.com/Restaurant_Review-g293825-d25079621-Reviews-Krispy_Kreme_Lugbe_Abuja-Abuja_Federal_Capital_Territory.html
59,N/A,N/A,N/A,N/A,N/A,N/A,N/A,https://www.tripadvisor.com/Restaurant_Review-g293825-d25410077-Reviews-Cafe_Dimanche-Abuja_Federal_Capital_Territory.html
60,Ewa Agoyin In Abuja,Abuja Photos,N/A,N/A,Call,"https://maps.apple.com/maps?saddr=&daddr=Blosom Bakery Jahi Mega Platinum Plaza Jahi, Abuja 900001 Nigeria@9.104128,7.444031",No reviews yet(0 reviews),https://www.tripadvisor.com/Restaurant_Review-g293825-d26639847-Reviews-Ewa_Agoyin_In_Abuja-Abuja_Federal_Capital_Territory.html
61,Tagine Cuisine,Abuja Photos,N/A,N/A,Call,"https://maps.apple.com/maps?saddr=&daddr=Maitama Mall, 4 Osun Crescent 4 Osun Crescent, Off Ibb Way Abuja, Abuja 900271 Nigeria@9.101678,7.493493",No reviews yet(0 reviews),https://www.tripadvisor.com/Restaurant_Review-g293825-d28985504-Reviews-Tagine_Cuisine-Abuja_Federal_Capital_Territory.html
62,A Class Restaurant,Abuja Photos,N/A,N/A,Call,"https://maps.apple.com/maps?saddr=&daddr=Plot 102 Along Kashim Ibrahim Way Within A-Class Park and Events Center, Abuja Nigeria@9.085245,7.476593",4.64.6 of 5 bubbles(5 reviews),https://www.tripadvisor.com/Restaurant_Review-g293825-d21267769-Reviews-A_Class_Restaurant-Abuja_Federal_Capital_Territory.html
63,N/A,N/A,N/A,N/A,N/A,N/A,N/A,https://www.tripadvisor.com/Restaurant_Review-g293825-d7351178-Reviews-Emmy_Kitchen_Restaurant_and_Bar-Abuja_Federal_Capital_Territory.html
64,N/A,N/A,N/A,N/A,N/A,N/A,N/A,https://www.tripadvisor.com/Restaurant_Review-g293825-d9467764-Reviews-Apple_Boulevard-Abuja_Federal_Capital_Territory.html
65,Pub69 Lounge,Abuja Photos,N/A,N/A,Call,"https://maps.apple.com/maps?saddr=&daddr=First Avenue Opp Lg, Abuja Nigeria@9.093838,7.415639",No reviews yet(0 reviews),https://www.tripadvisor.com/Restaurant_Review-g293825-d23759326-Reviews-Pub69_Lounge-Abuja_Federal_Capital_Territory.html
66,Pam & Neka's Boozybreakfast,Abuja Photos,N/A,N/A,Call,"https://maps.apple.com/maps?saddr=&daddr=54 Aguiyi Ironsi St Siam Garden, Abuja Nigeria@8.804441,7.198126",No reviews yet(0 reviews),https://www.tripadvisor.com/Restaurant_Review-g293825-d27426506-Reviews-Pam_Neka_s_Boozybreakfast-Abuja_Federal_Capital_Territory.html
67,The Local's Cafe,Abuja Photos,N/A,N/A,Call,"https://maps.apple.com/maps?saddr=&daddr=Big Ideas Plaza, 6th avenue, Gwarinpa, Abuja, Abuja Nigeria@9.117135,7.382356",No reviews yet(0 reviews),https://www.tripadvisor.com/Restaurant_Review-g293825-d25414532-Reviews-The_Local_s_Cafe-Abuja_Federal_Capital_Territory.html
68,N/A,N/A,N/A,N/A,N/A,N/A,N/A,https://www.tripadvisor.com/Restaurant_Review-g293825-d12555721-Reviews-The_Mexican_Diner-Abuja_Federal_Capital_Territory.html
69,Etis Bistro,Abuja Photos,N/A,N/A,Call,"https://maps.google.com/maps?saddr=&daddr=2 Bria Street, Abuja Nigeria@8.804441,7.198126",No reviews yet(0 reviews),https://www.tripadvisor.com/Restaurant_Review-g293825-d21505747-Reviews-Etis_Bistro-Abuja_Federal_Capital_Territory.html
70,Wazobia Treats,Abuja Photos,N/A,N/A,Call,"https://maps.google.com/maps?saddr=&daddr=Plot 225 Ebitu Ukiwe Crescent Between Zenith bank and GTbank, Abuja Nigeria",5.05 of 5 bubbles(1 review),https://www.tripadvisor.com/Restaurant_Review-g293825-d21314569-Reviews-Wazobia_Treats-Abuja_Federal_Capital_Territory.html
71,Ivory Room,Abuja Photos,N/A,N/A,Call,"https://maps.apple.com/maps?saddr=&daddr=Plot 42 Birao Street Off Yalinga Street Off Ademola Adetokunbo Wuse 2, Abuja 905102 Nigeria@9.07454,7.47735",3.93.9 of 5 bubbles(19 reviews),https://www.tripadvisor.com/Restaurant_Review-g293825-d8626487-Reviews-Ivory_Room-Abuja_Federal_Capital_Territory.html
72,Le Petit Square,Abuja Photos,N/A,N/A,Call,"https://maps.apple.com/maps?saddr=&daddr=Plot 270 Muhammadu Buhari Way Grand Square Abuja, Abuja Nigeria@9.053715,7.478754",4.14.1 of 5 bubbles(7 reviews),https://www.tripadvisor.com/Restaurant_Review-g293825-d12452366-Reviews-Le_Petit_Square-Abuja_Federal_Capital_Territory.html
73,Bulgaria Milk and Flesh,Abuja Photos,N/A,N/A,Call,"https://maps.apple.com/maps?saddr=&daddr=8b, Dar Es Salaam Street Off Aminu Kano Crescent, Abuja 900282 Nigeria@9.074769,7.469052",No reviews yet(0 reviews),https://www.tripadvisor.com/Restaurant_Review-g293825-d23391961-Reviews-Bulgaria_Milk_and_Flesh-Abuja_Federal_Capital_Territory.html
74,Spice Queen,Abuja Photos,N/A,N/A,Call,"https://maps.apple.com/maps?saddr=&daddr=Dalaba Street, Abuja 905102 Nigeria@9.06418,7.45645",No reviews yet(0 reviews),https://www.tripadvisor.com/Restaurant_Review-g293825-d12350341-Reviews-Spice_Queen-Abuja_Federal_Capital_Territory.html
75,Tutti Fruitti,Abuja Photos,N/A,N/A,N/A,"https://maps.google.com/maps?saddr=&daddr=1247 Aminu Kano Cr. Wuse, Abuja 900288 Nigeria@9.0734,7.471201",4.04 of 5 bubbles(6 reviews),https://www.tripadvisor.com/Restaurant_Review-g293825-d12664033-Reviews-Tutti_Fruitti-Abuja_Federal_Capital_Territory.html
76,Moda Abuja,Abuja Photos,N/A,N/A,Call,"https://maps.apple.com/maps?saddr=&daddr=20A Blantyre Cres Wuse 2, Abuja 900288 Nigeria@9.076013,7.398473",5.05 of 5 bubbles(2 reviews),https://www.tripadvisor.com/Restaurant_Review-g293825-d26640123-Reviews-Moda_Abuja-Abuja_Federal_Capital_Territory.html
77,Salamander Cafe,Abuja Photos,N/A,N/A,Call,"https://maps.apple.com/maps?saddr=&daddr=15b Parakou street Off Aminu Kano Crescent, Wuse 2, Abuja 905102 Nigeria@9.079257,7.468377",3.53.5 of 5 bubbles(79 reviews),https://www.tripadvisor.com/Restaurant_Review-g293825-d5267734-Reviews-Salamander_Cafe-Abuja_Federal_Capital_Territory.html
78,Kalakut cafe,Abuja Photos,N/A,N/A,Call,"https://maps.apple.com/maps?saddr=&daddr=29 Mambilla street, Aso drive Ventures Park, Abuja 905102 Nigeria@9.07999,7.512558",No reviews yet(0 reviews),https://www.tripadvisor.com/Restaurant_Review-g293825-d13160237-Reviews-Kalakut_cafe-Abuja_Federal_Capital_Territory.html
79,The Deck At Tutti Futti,Abuja Photos,N/A,N/A,Call,"https://maps.apple.com/maps?saddr=&daddr=112 Aminu Kano Cres. Wuse II, Abuja 900281 Nigeria@9.073385,7.470993",4.54.5 of 5 bubbles(4 reviews),https://www.tripadvisor.com/Restaurant_Review-g293825-d14761879-Reviews-The_Deck_At_Tutti_Futti-Abuja_Federal_Capital_Territory.html
80,N/A,N/A,N/A,N/A,N/A,N/A,N/A,https://www.tripadvisor.com/Restaurant_Review-g293825-d8749937-Reviews-Kilimanjaro-Abuja_Federal_Capital_Territory.html
81,Ishakool Restaurant & Bar,Abuja Photos,N/A,N/A,Call,"https://maps.apple.com/maps?saddr=&daddr=5 Oke-Agbe St, Garki, Abuja 900247 Nigeria@9.0215,7.49585",5.05 of 5 bubbles(4 reviews),https://www.tripadvisor.com/Restaurant_Review-g293825-d15626322-Reviews-Ishakool_Restaurant_Bar-Abuja_Federal_Capital_Territory.html
82,mr biggs,Abuja Photos,N/A,N/A,Call,"https://maps.apple.com/maps?saddr=&daddr=Herbet Marcurly, Abuja 920081 Nigeria@9.06465,7.47955",3.23.2 of 5 bubbles(13 reviews),https://www.tripadvisor.com/Restaurant_Review-g293825-d8448560-Reviews-Mr_biggs-Abuja_Federal_Capital_Territory.html
83,Treehouse Grills,Abuja Photos,N/A,N/A,Call,"https://maps.apple.com/maps?saddr=&daddr=66, Ademola Adetokunbo Crescent Wuse II-Abuja, Abuja Nigeria@9.071564,7.482943",No reviews yet(0 reviews),https://www.tripadvisor.com/Restaurant_Review-g293825-d26312046-Reviews-Treehouse_Grills-Abuja_Federal_Capital_Territory.html
84,Dietisians Kitchen,Abuja Photos,N/A,N/A,Call,"https://maps.apple.com/maps?saddr=&daddr=10 Oladipo Street, Dawaki Abuja, Abuja Nigeria@9.132986,7.388096",4.04 of 5 bubbles(1 review),https://www.tripadvisor.com/Restaurant_Review-g293825-d24138606-Reviews-Dietisians_Kitchen-Abuja_Federal_Capital_Territory.html
85,N/A,N/A,N/A,N/A,N/A,N/A,N/A,https://www.tripadvisor.com/Restaurant_Review-g293825-d32710600-Reviews-The_Boom_Boom_Room-Abuja_Federal_Capital_Territory.html
86,N/A,N/A,N/A,N/A,N/A,N/A,N/A,https://www.tripadvisor.com/Restaurant_Review-g293825-d12833879-Reviews-Relais_Cafe-Abuja_Federal_Capital_Territory.html
87,Today's Bukka,Abuja Photos,N/A,N/A,Call,"https://maps.google.com/maps?saddr=&daddr=Ultimate Mall, Ademola Adetokunbo Crescent, Opposite Sticks & Stones Plaza, Wuse 2, Abuja Nigeria@9.07236,7.47617",5.05 of 5 bubbles(1 review),https://www.tripadvisor.com/Restaurant_Review-g293825-d18965636-Reviews-Today_s_Bukka-Abuja_Federal_Capital_Territory.html
88,Pizza Place,Abuja Photos,N/A,N/A,N/A,"https://maps.google.com/maps?saddr=&daddr=1st Avenue , By Third Avenue Junction Opp Drumstix, Abuja 905102 Nigeria@9.10274,7.41724",4.04 of 5 bubbles(1 review),https://www.tripadvisor.com/Restaurant_Review-g293825-d10336175-Reviews-Pizza_Place-Abuja_Federal_Capital_Territory.html
89,Bambau Cafe,Abuja Photos,N/A,N/A,+234 812 006 2042,"https://maps.google.com/maps?saddr=&daddr=Obafemi Awolowo Way Atlantic Mall, Abuja 900244 Nigeria@9.067987,7.439137",No reviews yet(0 reviews),https://www.tripadvisor.com/Restaurant_Review-g293825-d23977927-Reviews-Bambau_Cafe-Abuja_Federal_Capital_Territory.html
90,ZiiZiii Italian Pizza,Abuja Photos,N/A,N/A,Call,"https://maps.google.com/maps?saddr=&daddr=M-Flourish Garden, Dar Es Salaam Street, Opposite Merry Makers, Wuse 2, Abuja Nigeria",No reviews yet(0 reviews),https://www.tripadvisor.com/Restaurant_Review-g293825-d21394125-Reviews-ZiiZiii_Italian_Pizza-Abuja_Federal_Capital_Territory.html
91,Helios Restaurant and Lounge,Abuja Photos,N/A,N/A,Call,"https://maps.apple.com/maps?saddr=&daddr=Plot 2, 1st Avenue, Gwarinpa Primus mall, opposite genesis place and beside total filling station, Abuja 900108 Nigeria@9.076013,7.398473",No reviews yet(0 reviews),https://www.tripadvisor.com/Restaurant_Review-g293825-d27118077-Reviews-Helios_Restaurant_and_Lounge-Abuja_Federal_Capital_Territory.html
92,Fingerfull Foods,Abuja Photos,N/A,N/A,Call,"https://maps.google.com/maps?saddr=&daddr=Plot 116, Pa Michael Imoudu Avenue, Gwarinpa, Abuja 900108 Nigeria@8.804441,7.198126",5.05 of 5 bubbles(5 reviews),https://www.tripadvisor.com/Restaurant_Review-g293825-d27431099-Reviews-Fingerfull_Foods-Abuja_Federal_Capital_Territory.html
93,N/A,N/A,N/A,N/A,N/A,N/A,N/A,https://www.tripadvisor.com/Restaurant_Review-g293825-d21180168-Reviews-El_s_Kitchen_And_Restaurant-Abuja_Federal_Capital_Territory.html
94,N/A,N/A,N/A,N/A,N/A,N/A,N/A,https://www.tripadvisor.com/Restaurant_Review-g293825-d15115632-Reviews-Deli_Place-Abuja_Federal_Capital_Territory.html
95,Pool Bar and Restaurant,Abuja Photos,N/A,N/A,Call,"https://maps.apple.com/maps?saddr=&daddr=Ladi Kwali Way Sheraton Abuja Hotel, Abuja 900281 Nigeria@9.06427,7.48169",4.04 of 5 bubbles(2 reviews),https://www.tripadvisor.com/Restaurant_Review-g293825-d15115034-Reviews-Pool_Bar_and_Restaurant-Abuja_Federal_Capital_Territory.html
96,Sketch Restaurant Abuja,Abuja Photos,N/A,N/A,Call,"https://maps.apple.com/maps?saddr=&daddr=Wuse 2 Abuja 7 Hombari St., Abuja Nigeria@9.076355,7.487427",No reviews yet(0 reviews),https://www.tripadvisor.com/Restaurant_Review-g293825-d25284818-Reviews-Sketch_Restaurant_Abuja-Abuja_Federal_Capital_Territory.html
97,Kiosque,Abuja Photos,N/A,N/A,N/A,"https://maps.apple.com/maps?saddr=&daddr=500 Fumila Yo Ransom Kuti Road Area 3 Garki Emerald Park And Recreation Center, Abuja 900271 Nigeria@9.028191,7.484617",5.05 of 5 bubbles(1 review),https://www.tripadvisor.com/Restaurant_Review-g293825-d12067942-Reviews-Kiosque-Abuja_Federal_Capital_Territory.html
98,Ali Baba Restaurant,Abuja Photos,N/A,N/A,Call,"https://maps.apple.com/maps?saddr=&daddr=Salt Lake Street No 6, Abuja 900848 Nigeria@9.076674,7.500597",5.05 of 5 bubbles(2 reviews),https://www.tripadvisor.com/Restaurant_Review-g293825-d23324425-Reviews-Ali_Baba_Restaurant-Abuja_Federal_Capital_Territory.html
99,Nkataa Bukka,Abuja Photos,N/A,N/A,Call,"https://maps.apple.com/maps?saddr=&daddr=Mafemi Cres, Mabushi Off Solomon Lar way, Utako, Abuja 900001 Nigeria@9.069309,7.434693",4.74.7 of 5 bubbles(3 reviews),https://www.tripadvisor.com/Restaurant_Review-g293825-d11879447-Reviews-Nkataa_Bukka-Abuja_Federal_Capital_Territory.html
100,Yippeehub,Abuja Photos,N/A,N/A,Call,"https://maps.apple.com/maps?saddr=&daddr=Suite A7 Bensima House, Rea Sea Close off Aguiyi Ironsi Street, Maitama, Abuja 900271 Nigeria@9.084415,7.481896",No reviews yet(0 reviews),https://www.tripadvisor.com/Restaurant_Review-g293825-d19324228-Reviews-Yippeehub-Abuja_Federal_Capital_Territory.html
101,N/A,N/A,N/A,N/A,N/A,N/A,N/A,https://www.tripadvisor.com/Restaurant_Review-g293825-d24983600-Reviews-Ruthys_Savoury_Signature-Abuja_Federal_Capital_Territory.html
102,N/A,N/A,N/A,N/A,N/A,N/A,N/A,https://www.tripadvisor.com/Restaurant_Review-g293825-d6891734-Reviews-Le_Terrace_Restaurant-Abuja_Federal_Capital_Territory.html
103,"Dodo Pizza, Apo",Abuja Photos,N/A,N/A,Call,"https://maps.apple.com/maps?saddr=&daddr=Xfmv+w49 Murtala Mohammed Way, Abuja 900231 Nigeria@8.984788,7.492859",No reviews yet(0 reviews),https://www.tripadvisor.com/Restaurant_Review-g293825-d25066999-Reviews-Dodo_Pizza_Apo-Abuja_Federal_Capital_Territory.html
104,D_Vine Cuisine & Lounge,Abuja Photos,N/A,N/A,Call,"https://maps.google.com/maps?saddr=&daddr=no 15 1st Avenue, Gwarinpa, Abuja, Nigeria, Abuja Nigeria@9.089464,7.412166",No reviews yet(0 reviews),https://www.tripadvisor.com/Restaurant_Review-g293825-d25391169-Reviews-D_Vine_Cuisine_Lounge-Abuja_Federal_Capital_Territory.html
105,N/A,N/A,N/A,N/A,N/A,N/A,N/A,https://www.tripadvisor.com/Restaurant_Review-g293825-d32707052-Reviews-Checkpoint_Restaurant_And_Lounge-Abuja_Federal_Capital_Territory.html
106,Chicken Capitol,Abuja Photos,N/A,N/A,Call,"https://maps.google.com/maps?saddr=&daddr=4 Lingu Crescent Off Aminu Kano Crescent, Abuja 900288 Nigeria@9.072523,7.46651",No reviews yet(0 reviews),https://www.tripadvisor.com/Restaurant_Review-g293825-d23554276-Reviews-Chicken_Capitol-Abuja_Federal_Capital_Territory.html
107,Keje Grills,Abuja Photos,N/A,N/A,Call,"https://maps.apple.com/maps?saddr=&daddr=City Park Ahmadu Bello Way, Abuja Nigeria@9.06733,7.49167",3.53.5 of 5 bubbles(4 reviews),https://www.tripadvisor.com/Restaurant_Review-g293825-d17520909-Reviews-Keje_Grills-Abuja_Federal_Capital_Territory.html
108,N/A,N/A,N/A,N/A,N/A,N/A,N/A,https://www.tripadvisor.com/Restaurant_Review-g293825-d13211914-Reviews-Lobic_Restaurant-Abuja_Federal_Capital_Territory.html
109,The Pizza Place,Abuja Photos,N/A,N/A,Call,"https://maps.apple.com/maps?saddr=&daddr=Plot 616, 1st Avenue, Abuja 905102 Nigeria@9.10274,7.41724",4.74.7 of 5 bubbles(3 reviews),https://www.tripadvisor.com/Restaurant_Review-g293825-d10786270-Reviews-The_Pizza_Place-Abuja_Federal_Capital_Territory.html
110,The Food Court Abuja,Abuja Photos,N/A,N/A,Call,"https://maps.apple.com/maps?saddr=&daddr=184 Adetokunbo Ademola Crescent Wuse 2, Abuja 900288 Nigeria@9.077039,7.48706",No reviews yet(0 reviews),https://www.tripadvisor.com/Restaurant_Review-g293825-d23412708-Reviews-The_Food_Court_Abuja-Abuja_Federal_Capital_Territory.html
111,Urbanloft Cafe & Bar,Abuja Photos,N/A,N/A,Call,"https://maps.apple.com/maps?saddr=&daddr=No 7 lingu crescent, Abuja 900288 Nigeria@9.01836,7.49019",No reviews yet(0 reviews),https://www.tripadvisor.com/Restaurant_Review-g293825-d20193013-Reviews-Urbanloft_Cafe_Bar-Abuja_Federal_Capital_Territory.html
112,N/A,N/A,N/A,N/A,N/A,N/A,N/A,https://www.tripadvisor.com/Restaurant_Review-g293825-d7219233-Reviews-Sangrias_Grandview-Abuja_Federal_Capital_Territory.html
113,N/A,N/A,N/A,N/A,N/A,N/A,N/A,https://www.tripadvisor.com/Restaurant_Review-g293825-d25439229-Reviews-Blake_Resort_Restaurant_Lounge-Abuja_Federal_Capital_Territory.html
114,Ronin's,Abuja Photos,N/A,N/A,Call,"https://maps.google.com/maps?saddr=&daddr=57 Parakou crescent off Aminu Kano Wuse 2, Abuja 900288 Nigeria",No reviews yet(0 reviews),https://www.tripadvisor.com/Restaurant_Review-g293825-d20091545-Reviews-Ronin_s-Abuja_Federal_Capital_Territory.html
115,Hive By Wingsit,Abuja Photos,N/A,N/A,Call,"https://maps.apple.com/maps?saddr=&daddr=Plot 269 Mohammed Buhari Way Tropic Galleria Rooftop, Abuja 901008 Nigeria@9.06853,7.48375",No reviews yet(0 reviews),https://www.tripadvisor.com/Restaurant_Review-g293825-d23314136-Reviews-Hive_By_Wingsit-Abuja_Federal_Capital_Territory.html
116,N/A,N/A,N/A,N/A,N/A,N/A,N/A,https://www.tripadvisor.com/Restaurant_Review-g293825-d23661030-Reviews-Belleti_s_Cuisine-Abuja_Federal_Capital_Territory.html
117,N/A,N/A,N/A,N/A,N/A,N/A,N/A,https://www.tripadvisor.com/Restaurant_Review-g293825-d19652910-Reviews-Wazobia_Resturant-Abuja_Federal_Capital_Territory.html
118,Amala Central,Abuja Photos,N/A,N/A,N/A,"https://maps.apple.com/maps?saddr=&daddr=Central Business District 108a Independence Ave., Abuja 900211 Nigeria@9.076013,7.398473",5.05 of 5 bubbles(1 review),https://www.tripadvisor.com/Restaurant_Review-g293825-d25091697-Reviews-Amala_Central-Abuja_Federal_Capital_Territory.html
119,N/A,N/A,N/A,N/A,N/A,N/A,N/A,https://www.tripadvisor.com/Restaurant_Review-g293825-d27911039-Reviews-Ejanla_Food_Fish_And_Grills-Abuja_Federal_Capital_Territory.html
120,Chop n Quench Restaurant Limited,Abuja Photos,N/A,N/A,Call,"https://maps.apple.com/maps?saddr=&daddr=No 37, Panama Street Maitama, Abuja 901101 Nigeria@9.10747,7.483034",No reviews yet(0 reviews),https://www.tripadvisor.com/Restaurant_Review-g293825-d26224143-Reviews-Chop_n_Quench_Restaurant_Limited-Abuja_Federal_Capital_Territory.html
121,Dreams,Abuja Photos,N/A,N/A,Call,"https://maps.apple.com/maps?saddr=&daddr=Wuse 2, Abuja 905102 Nigeria@9.07289,7.46825",4.34.3 of 5 bubbles(7 reviews),https://www.tripadvisor.com/Restaurant_Review-g293825-d5036272-Reviews-Dreams-Abuja_Federal_Capital_Territory.html
122,N/A,N/A,N/A,N/A,N/A,N/A,N/A,https://www.tripadvisor.com/Restaurant_Review-g293825-d12063350-Reviews-Purplestone_Cafe-Abuja_Federal_Capital_Territory.html
123,N/A,N/A,N/A,N/A,N/A,N/A,N/A,https://www.tripadvisor.com/Restaurant_Review-g293825-d8588060-Reviews-Alewa_Restaurant-Abuja_Federal_Capital_Territory.html
124,Milahari Delights,Abuja Photos,N/A,N/A,Call,"https://maps.apple.com/maps?saddr=&daddr=Deidei,dakwa, Behind New Lagos Street, Abuja Nigeria@9.076013,7.398473",No reviews yet(0 reviews),https://www.tripadvisor.com/Restaurant_Review-g293825-d25340573-Reviews-Milahari_Delights-Abuja_Federal_Capital_Territory.html
125,Grillzhut By Derda,Abuja Photos,N/A,N/A,Call,"https://maps.google.com/maps?saddr=&daddr=10 - 12 Senanga Street, Zone 5, Wuse, Abuja Nigeria@9.062131,7.462583",No reviews yet(0 reviews),https://www.tripadvisor.com/Restaurant_Review-g293825-d23637297-Reviews-Grillzhut_By_Derda-Abuja_Federal_Capital_Territory.html
126,Gusto Restaurant,Abuja Photos,N/A,N/A,Call,"https://maps.apple.com/maps?saddr=&daddr=M&G plaza adetokunbo ademola cresent, Abuja Nigeria@9.0713,7.486458",No reviews yet(0 reviews),https://www.tripadvisor.com/Restaurant_Review-g293825-d26241050-Reviews-Gusto_Restaurant-Abuja_Federal_Capital_Territory.html
127,Sante Bistro,Abuja Photos,N/A,N/A,Call,"https://maps.apple.com/maps?saddr=&daddr=Plot 1847 B07 Cadastral Zone Behind Abc Cargo Kata Plot 1847 B07 Cadastral Zone Behind Abc Cargo Katampe Abuja, Nigeria, Abuja Nigeria@9.103135,7.447875",No reviews yet(0 reviews),https://www.tripadvisor.com/Restaurant_Review-g293825-d25173758-Reviews-Sante_Bistro-Abuja_Federal_Capital_Territory.html
128,Sensei Yum Chops,Abuja Photos,N/A,N/A,Call,"https://maps.apple.com/maps?saddr=&daddr=Kojo Motors. Along Shehu Yaradua Express way. Mabushi., Abuja Nigeria@9.078908,7.445262",No reviews yet(0 reviews),https://www.tripadvisor.com/Restaurant_Review-g293825-d25377525-Reviews-Sensei_Yum_Chops-Abuja_Federal_Capital_Territory.html
129,Akadu Bistro,Abuja Photos,N/A,N/A,N/A,"https://maps.apple.com/maps?saddr=&daddr=30 Sokode Crescent, Abuja 900285 Nigeria@9.06223,7.455205",5.05 of 5 bubbles(1 review),https://www.tripadvisor.com/Restaurant_Review-g293825-d23657212-Reviews-Akadu_Bistro-Abuja_Federal_Capital_Territory.html
130,The Hungryman Restaurant,Abuja Photos,MY AMAZING EXPERIENCE .,N/A,+234 703 663 4552,"https://maps.google.com/maps?saddr=&daddr=No 24 Durban Street, Wuse 2, Abuja 905102 Nigeria@9.070602,7.485643",3.63.6 of 5 bubbles(11 reviews),https://www.tripadvisor.com/Restaurant_Review-g293825-d10351294-Reviews-The_Hungryman_Restaurant-Abuja_Federal_Capital_Territory.html
131,Sofresh Wuse 2,Abuja Photos,N/A,N/A,Call,"https://maps.google.com/maps?saddr=&daddr=130, Aminu Kano Crescent, Wuse 2, Abuja, Abuja 904101 Nigeria@9.075528,7.472308",No reviews yet(0 reviews),https://www.tripadvisor.com/Restaurant_Review-g293825-d27153756-Reviews-Sofresh_Wuse_2-Abuja_Federal_Capital_Territory.html
132,N/A,N/A,N/A,N/A,N/A,N/A,N/A,https://www.tripadvisor.com/Restaurant_Review-g293825-d23159719-Reviews-Taj_Bistro-Abuja_Federal_Capital_Territory.html
133,H & H Fish Place,Abuja Photos,N/A,N/A,+234 818 855 6026,"https://maps.google.com/maps?saddr=&daddr=No 1 Kindia Close, Bangui Street, Abuja 905102 Nigeria@9.0689,7.47885",3.23.2 of 5 bubbles(13 reviews),https://www.tripadvisor.com/Restaurant_Review-g293825-d4757060-Reviews-H_H_Fish_Place-Abuja_Federal_Capital_Territory.html
134,Tatafish Foods,Abuja Photos,N/A,N/A,+234 704 551 3976,"https://maps.google.com/maps?saddr=&daddr=Abubakar Imam St, Gwarinpa Estate, Abuja, Nigeria 69 Road Gwarimpa, Abuja 900108 Nigeria",5.05 of 5 bubbles(1 review),https://www.tripadvisor.com/Restaurant_Review-g293825-d21241096-Reviews-Tatafish_Foods-Abuja_Federal_Capital_Territory.html
135,N/A,N/A,N/A,N/A,N/A,N/A,N/A,https://www.tripadvisor.com/Restaurant_Review-g293825-d15514734-Reviews-Mozini_Cuisine-Abuja_Federal_Capital_Territory.html
136,Tar Tar,Abuja Photos,N/A,N/A,Call,"https://maps.apple.com/maps?saddr=&daddr=5 Sorotona Close Wuse 2, Abuja, Abuja Nigeria@9.071871,7.48761",4.04 of 5 bubbles(7 reviews),https://www.tripadvisor.com/Restaurant_Review-g293825-d23571238-Reviews-Tar_Tar-Abuja_Federal_Capital_Territory.html
137,Obudu Grill House,Abuja Photos,N/A,N/A,Call,"https://maps.apple.com/maps?saddr=&daddr=Ladi Kwali St. C/O Sheraton Hotel, Abuja 900281 Nigeria@9.06427,7.48169",4.24.2 of 5 bubbles(32 reviews),https://www.tripadvisor.com/Restaurant_Review-g293825-d8517426-Reviews-Obudu_Grill_House-Abuja_Federal_Capital_Territory.html
138,Evro Restaurant & Lounge,Abuja Photos,N/A,N/A,Call,"https://maps.google.com/maps?saddr=&daddr=2a Bouar Street, Off Bangui Street, Abuja 900288 Nigeria@9.068945,7.481732",No reviews yet(0 reviews),https://www.tripadvisor.com/Restaurant_Review-g293825-d33061154-Reviews-Evro_Restaurant_Lounge-Abuja_Federal_Capital_Territory.html
139,House 43 Cuisine,Abuja Photos,N/A,N/A,Call,"https://maps.google.com/maps?saddr=&daddr=No 43 Gana St., Abuja 900271 Nigeria@9.077774,7.500449",4.24.2 of 5 bubbles(28 reviews),https://www.tripadvisor.com/Restaurant_Review-g293825-d10628838-Reviews-House_43_Cuisine-Abuja_Federal_Capital_Territory.html
140,N/A,N/A,N/A,N/A,N/A,N/A,N/A,https://www.tripadvisor.com/Restaurant_Review-g293825-d13474313-Reviews-Demi_s_Restaurant-Abuja_Federal_Capital_Territory.html
141,Aldo's Restaurant,Abuja Photos,N/A,N/A,Call,"https://maps.google.com/maps?saddr=&daddr=Plot 466, Alex Ekwueme Street Jabi Jabi Lake Plaza, Abuja 900108 Nigeria@9.073932,7.416407",3.83.8 of 5 bubbles(5 reviews),https://www.tripadvisor.com/Restaurant_Review-g293825-d20177025-Reviews-Aldo_s_Restaurant-Abuja_Federal_Capital_Territory.html
142,Native Bukka,Abuja Photos,N/A,N/A,Call,"https://maps.apple.com/maps?saddr=&daddr=Usuma Street No 58B Maitama Avenue opp UBA Plc, Abuja 900271 Nigeria@9.07762,7.51293",4.54.5 of 5 bubbles(6 reviews),https://www.tripadvisor.com/Restaurant_Review-g293825-d10541216-Reviews-Native_Bukka-Abuja_Federal_Capital_Territory.html
143,N/A,N/A,N/A,N/A,N/A,N/A,N/A,https://www.tripadvisor.com/Restaurant_Review-g293825-d20104734-Reviews-Cone_Lounge-Abuja_Federal_Capital_Territory.html
144,Waka Foods,Abuja Photos,N/A,N/A,Call,"https://maps.google.com/maps?saddr=&daddr=37, 3rd avenue Gwarinpa, Abuja, Abuja Nigeria@9.099931,7.412616",No reviews yet(0 reviews),https://www.tripadvisor.com/Restaurant_Review-g293825-d25414564-Reviews-Waka_Foods-Abuja_Federal_Capital_Territory.html
145,Seven,Abuja Photos,N/A,N/A,Call,"https://maps.google.com/maps?saddr=&daddr=Ademola Adetokunbo Crescent, Abuja 900001 Nigeria@9.080186,7.485869",4.54.5 of 5 bubbles(2 reviews),https://www.tripadvisor.com/Restaurant_Review-g293825-d20283002-Reviews-Seven-Abuja_Federal_Capital_Territory.html
146,Stopover BAR & GRILL,Abuja Photos,N/A,N/A,23409015001500,"https://maps.google.com/maps?saddr=&daddr=Ring Road 2, Kaura, Lokogoma Sunnyvale Estate Junction, Behind Deo Gratias School, Abuja 900211 Nigeria@8.986465,7.449682",5.05 of 5 bubbles(1 review),https://www.tripadvisor.com/Restaurant_Review-g293825-d18717449-Reviews-Stopover_BAR_GRILL-Abuja_Federal_Capital_Territory.html
147,Pink Plates Restaurant,Abuja Photos,N/A,N/A,Call,"https://maps.apple.com/maps?saddr=&daddr=7 Musa Traore Crescent Off Thomas Sankara Street by Ecows Secreteriat, Abuja 905102 Nigeria@9.036727,7.51864",5.05 of 5 bubbles(1 review),https://www.tripadvisor.com/Restaurant_Review-g293825-d10713834-Reviews-Pink_Plates_Restaurant-Abuja_Federal_Capital_Territory.html
148,N/A,N/A,N/A,N/A,N/A,N/A,N/A,https://www.tripadvisor.com/Restaurant_Review-g293825-d25071574-Reviews-Lomo_Coffee_And_Restaurant-Abuja_Federal_Capital_Territory.html
149,Timcrafvinm,Abuja Photos,N/A,N/A,Call,"https://maps.google.com/maps?saddr=&daddr=Federal ministry of Agriculture, Abuja Nigeria",No reviews yet(0 reviews),https://www.tripadvisor.com/Restaurant_Review-g293825-d21119709-Reviews-Timcrafvinm-Abuja_Federal_Capital_Territory.html
150,Kebabs & Kurries,Abuja Photos,SHULAMITE M,N/A,N/A,"https://maps.apple.com/maps?saddr=&daddr=22, Ajesa Street, Off Monrovia Street, Wuse Ii Off Monrovia St, Wuse2, Abuja Nigeria@9.082097,7.469523",4.14.1 of 5 bubbles(11 reviews),https://www.tripadvisor.com/Restaurant_Review-g293825-d27523174-Reviews-Kebabs_Kurries-Abuja_Federal_Capital_Territory.html
151,Siam city Garden,Abuja Photos,N/A,N/A,Call,"https://maps.apple.com/maps?saddr=&daddr=Aguiyi Ironsi Street Plot 2044, Maitama, Abuja 234 Nigeria@9.0873,7.47968",4.74.7 of 5 bubbles(3 reviews),https://www.tripadvisor.com/Restaurant_Review-g293825-d10255958-Reviews-Siam_city_Garden-Abuja_Federal_Capital_Territory.html
152,Metro Cafe and Grill,Abuja Photos,N/A,N/A,Call,"https://maps.apple.com/maps?saddr=&daddr=43 Libreville Street Wuse 2, Abuja Nigeria@9.074311,7.462908",3.43.4 of 5 bubbles(12 reviews),https://www.tripadvisor.com/Restaurant_Review-g293825-d17150225-Reviews-Metro_Cafe_and_Grill-Abuja_Federal_Capital_Territory.html
153,Crossover Restaurant,Abuja Photos,N/A,N/A,N/A,"https://maps.apple.com/maps?saddr=&daddr=3 Cairo Crescent Off Ademola Adetokumbo Wuse II, Abuja 904101 Nigeria@8.489754,7.306466",4.54.5 of 5 bubbles(2 reviews),https://www.tripadvisor.com/Restaurant_Review-g293825-d13383056-Reviews-Crossover_Restaurant-Abuja_Federal_Capital_Territory.html
154,"Scoop'd Ice Crean Bar, Apo, Abuja",Abuja Photos,N/A,N/A,Call,"https://maps.apple.com/maps?saddr=&daddr=Xfmv+w49 Murtala Mohammed Way, Abuja 900231 Nigeria@8.984788,7.492859",No reviews yet(0 reviews),https://www.tripadvisor.com/Restaurant_Review-g293825-d25067024-Reviews-Scoop_d_Ice_Crean_Bar_Apo_Abuja-Abuja_Federal_Capital_Territory.html
155,Papillon Restaurant,Abuja Photos,"I never pass up an opportunity to try breakfast at any location, (being that it's my favourite meal of the day); especially if it's a buffet setting. Papillon is a restaurant I have very pleasant memories of. I once stayed at the hotel it's located in for a couple of weeks with some dear family friends back in the 1990s. I think I dined here once or twice over the years, but haven't been back in a really long time, so this was an experience that I pre-planned and eagerly looked forward to. I had no idea that the hotel's name had changed from SHERATON HOTEL to ABUJA CONTINENTAL HOTEL! üòÆ Was surprised and a little dismayed to see that, because Sheraton Hotel has been an iconic Abuja Hotel for a great many number of years. üòî The former Sheraton Hotel was an imposing, towering landmark in the Abuja skyline and Central District area, with that familiar name written across the building for as long as I can remember. So sad to see it gone! üò¢

Though the hotel's name has changed, the restaurant's hasn't, and neither has the layout. Everything looked warmly familiar, and brought back so many wonderful memories for me! ü•∞ The breakfast spread at Papillon Restaurant was impressive. There were 2 seperate HOT FOOD STATIONS that featured NIGERIAN & CONTINENTAL DISHES. For the Nigerian options there was BEANS POTTAGE, BEEF STEW, BOILED PLANTAIN, EGG STEW, FRIED FISH, FRIED RICE and GOLDEN YAM (yam dipped in eggs & fried). For the Continental choices, there was BAKED BEANS, BREAKFAST POTATOES, SAUSAGES and SAUTEED MUSHROOMS. In addition, there was a dedicated EGG STATION for  your 'tailor-made' egg orders. FRENCH TOAST, PANCAKES and WAFFLES were also available at this Egg Station, located outside by a lovely green, foliage space. 

A JUICES STATION with several Juices in attractive tumblers was available, as was a BREAD STATION featuring all kinds of BREADS, BREAD ROLLS, CROISSANTS and PASTRIES with lots of CONDIMENTS. A Toaster was available. Papillon had a SALAD STATION with COLD CUTS/MEATS, various CHEESES, FRESH SALADS, PATES, SMOKED SALMON and numerous FRESH VEGETABLES. There was a TEA/COFFEE & BEVERAGES Station too. I enjoyed about 3 full plates, (check out my posted pictures), and I must say that every dish had tons of flavour and was cooked very well! üòã The only slight criticisms I would give the overall breakfast spread at Papillon is that the Fried Fish had too many thorny bones in it, and all the food in the Hot Food Station's chafing dishes were too hot to the point of being too dry. Maybe this was because I visited a bit late- (around 9:30a.m), when breakfast hours were almost over, so the food had been sitting in the chafing dishes for quite a while. 

I liked the fact that my Juice of choice- (orange) was brought to my table as opposed to me getting it by myself. Service at Papillon Restaurant was excellent. I interacted with ESTHER, or MADAME ESTHER, (as they fondly called her). A lady called PRECIOUS fetched my Orange Juice, and never hesitated to get me refills. Precious was very sweet. SOPHIA was also quite polite, as was DANIEL at the Egg Station. Daniel also brought my ordered eggs over to my table, and they were delicious. I loved his pretty garnish, (refer to my posted photo of it). ü§© Daniel was a delightful fellow. The service at Papillon Restaurant was on point, no over-zealousness or that annoying pushiness that is quite commonplace in many a Nigerian Restaurant! üòÑ I'd like to say a big thank you to these awesome staff members for making my experience a very pleasant one. As I mentioned earlier, I enjoyed everything about my breakfast buffet at Papillon. Except for the dried-out hot food and bony fish, I'll rank them very highly, especially because of the very professional service. At 12,500 Naira, it was well worth it/money well spent and I can't wait to be back. Very impressive breakfast buffet that I would highly, highly recommend!!! üëçüèΩüëèüèºüëåüèΩ",N/A,Call,"https://maps.apple.com/maps?saddr=&daddr=1 Ladi Kwali street, Wuse Zone 4, FCT, Abuja, Abuja 900281 Nigeria@9.06428,7.48054",4.04 of 5 bubbles(4 reviews),https://www.tripadvisor.com/Restaurant_Review-g293825-d15117680-Reviews-Papillon_Restaurant-Abuja_Federal_Capital_Territory.html
156,N/A,N/A,N/A,N/A,N/A,N/A,N/A,https://www.tripadvisor.com/Restaurant_Review-g293825-d17382056-Reviews-Bijou_Cafe_Restaurant-Abuja_Federal_Capital_Territory.html
157,Grillaz BBQ,Abuja Photos,N/A,N/A,Call,"https://maps.google.com/maps?saddr=&daddr=16 Ibrahim Gambari Crescent Diplomatic Enclave Katampe Extension, Abuja 900287 Nigeria@9.05143,7.45627",No reviews yet(0 reviews),https://www.tripadvisor.com/Restaurant_Review-g293825-d17441119-Reviews-Grillaz_BBQ-Abuja_Federal_Capital_Territory.html
158,Signature By Lpg,Abuja Photos,N/A,N/A,Call,"https://maps.apple.com/maps?saddr=&daddr=1b Indus Close Off Euphrates Crescent, Abuja Nigeria@9.088282,7.473719",5.05 of 5 bubbles(3 reviews),https://www.tripadvisor.com/Restaurant_Review-g293825-d27923313-Reviews-Signature_By_Lpg-Abuja_Federal_Capital_Territory.html
159,Barracuda Resto Pub,Abuja Photos,N/A,N/A,Call,"https://maps.apple.com/maps?saddr=&daddr=No 111 Adetokunbo Ademola Cr. Inside Yelwa Plaza, Abuja 900288 Nigeria@9.072605,7.475654",5.05 of 5 bubbles(1 review),https://www.tripadvisor.com/Restaurant_Review-g293825-d24097807-Reviews-Barracuda_Resto_Pub-Abuja_Federal_Capital_Territory.html
160,Faridah,Abuja Photos,N/A,N/A,Call,"https://maps.google.com/maps?saddr=&daddr=Jabi, Abuja 905102 Nigeria",No reviews yet(0 reviews),https://www.tripadvisor.com/Restaurant_Review-g293825-d11753781-Reviews-Faridah-Abuja_Federal_Capital_Territory.html
161,Ollarica Foods,Abuja Photos,N/A,N/A,Call,"https://maps.apple.com/maps?saddr=&daddr=18b John I Kadiya Close, Abuja Nigeria@8.804441,7.198126",No reviews yet(0 reviews),https://www.tripadvisor.com/Restaurant_Review-g293825-d23189465-Reviews-Ollarica_Foods-Abuja_Federal_Capital_Territory.html
162,Haraya Restaurant & Cafe,Abuja Photos,N/A,N/A,+234 706 083 4326,"https://maps.google.com/maps?saddr=&daddr=Block 5, No 2, Bria Street, Abuja Nigeria@9.070928,7.481337",4.94.9 of 5 bubbles(7 reviews),https://www.tripadvisor.com/Restaurant_Review-g293825-d25987713-Reviews-Haraya_Restaurant_Cafe-Abuja_Federal_Capital_Territory.html
163,Carneval Brazilian Churrasco,Abuja Photos,N/A,N/A,Call,"https://maps.apple.com/maps?saddr=&daddr=Mall 55, 55 Kumasi Crescent, Wuse 2, Abuja, Federal Capital Territory, Abuja Nigeria@9.079382,7.476828",5.05 of 5 bubbles(1 review),https://www.tripadvisor.com/Restaurant_Review-g293825-d28201726-Reviews-Carneval_Brazilian_Churrasco-Abuja_Federal_Capital_Territory.html
164,Tagine Cuisine Restaurants,Abuja Photos,N/A,N/A,Call,"https://maps.apple.com/maps?saddr=&daddr=Tagine Cuisine Plot 41, Osun Cres, Maitama, Abuja 904101, Federal Capital Territory, Nigeria, Abuja 900271 Nigeria@9.101677,7.493513",5.05 of 5 bubbles(3 reviews),https://www.tripadvisor.com/Restaurant_Review-g293825-d28985222-Reviews-Tagine_Cuisine_Restaurants-Abuja_Federal_Capital_Territory.html
165,Cafe Flour,Abuja Photos,N/A,N/A,Call,"https://maps.google.com/maps?saddr=&daddr=Capador Mall, Aguiyi Ironsi Street, Maitama, Abuja, Abuja Nigeria@9.089972,7.476052",4.84.8 of 5 bubbles(5 reviews),https://www.tripadvisor.com/Restaurant_Review-g293825-d17449227-Reviews-Cafe_Flour-Abuja_Federal_Capital_Territory.html
166,Lamelo Restaurant & Bar,Abuja Photos,N/A,N/A,Call,"https://maps.google.com/maps?saddr=&daddr=Obioma Onyeador Plaza, 1st Avenue, Abuja, Nigeria, Abuja Nigeria@9.105379,7.417005",No reviews yet(0 reviews),https://www.tripadvisor.com/Restaurant_Review-g293825-d25410027-Reviews-Lamelo_Restaurant_Bar-Abuja_Federal_Capital_Territory.html
167,Cafechocolatabuja,Abuja Photos,N/A,N/A,Call,"https://maps.google.com/maps?saddr=&daddr=3 Cairo Crescent Wuse 2, Abuja 900288 Nigeria@9.07588,7.478224",No reviews yet(0 reviews),https://www.tripadvisor.com/Restaurant_Review-g293825-d25152211-Reviews-Cafechocolatabuja-Abuja_Federal_Capital_Territory.html
168,Bills Restaurant,Abuja Photos,N/A,N/A,Call,"https://maps.apple.com/maps?saddr=&daddr=63 Adetokunbo Ademola Cres, Wuse 2 63 Mall, Abuja 904101 Nigeria",No reviews yet(0 reviews),https://www.tripadvisor.com/Restaurant_Review-g293825-d28913318-Reviews-Bills_Restaurant-Abuja_Federal_Capital_Territory.html
169,Alpha Restaurant & Bar,Abuja Photos,N/A,N/A,Call,"https://maps.apple.com/maps?saddr=&daddr=91 Ebitu Ukiwe Street Alpha-Plus Apartment 91 Jabi, Abuja 900211 Nigeria",1.01 of 5 bubbles(1 review),https://www.tripadvisor.com/Restaurant_Review-g293825-d26104791-Reviews-Alpha_Restaurant_Bar-Abuja_Federal_Capital_Territory.html
170,Cafe Bufana,Abuja Photos,N/A,N/A,Call,"https://maps.apple.com/maps?saddr=&daddr=No. 7B Usuma St. Off Gana Street,, Abuja 900271 Nigeria@9.07551,7.50021",4.04 of 5 bubbles(1 review),https://www.tripadvisor.com/Restaurant_Review-g293825-d18276264-Reviews-Cafe_Bufana-Abuja_Federal_Capital_Territory.html
171,N/A,N/A,N/A,N/A,N/A,N/A,N/A,https://www.tripadvisor.com/Restaurant_Review-g293825-d9762030-Reviews-Galaxy_Pizza-Abuja_Federal_Capital_Territory.html
172,Searock Restaurant,Abuja Photos,N/A,N/A,+234 803 569 0709,"https://maps.google.com/maps?saddr=&daddr=Off. Aminu Kano crescent 5A Lingu Cr., Abuja 900288 Nigeria@9.07277,7.46802",4.04 of 5 bubbles(1 review),https://www.tripadvisor.com/Restaurant_Review-g293825-d12328881-Reviews-Searock_Restaurant-Abuja_Federal_Capital_Territory.html
173,Saryom Fruitz & Foodz Restaurant,Abuja Photos,N/A,N/A,Call,"https://maps.apple.com/maps?saddr=&daddr=Abuja 240102 Nigeria@8.983983,7.503144",No reviews yet(0 reviews),https://www.tripadvisor.com/Restaurant_Review-g293825-d23215968-Reviews-Saryom_Fruitz_Foodz_Restaurant-Abuja_Federal_Capital_Territory.html
174,N/A,N/A,N/A,N/A,N/A,N/A,N/A,https://www.tripadvisor.com/Restaurant_Review-g293825-d19507050-Reviews-Grill_Party_Grillhouse-Abuja_Federal_Capital_Territory.html
175,N/A,N/A,N/A,N/A,N/A,N/A,N/A,https://www.tripadvisor.com/Restaurant_Review-g293825-d21311988-Reviews-Assortedbuka-Abuja_Federal_Capital_Territory.html
176,Charme Restaurant,Abuja Photos,N/A,N/A,Call,"https://maps.google.com/maps?saddr=&daddr=Charme Restaurant, Gana Street, Abuja, Nigeria, Abuja Nigeria@9.078084,7.500326",3.03 of 5 bubbles(2 reviews),https://www.tripadvisor.com/Restaurant_Review-g293825-d25424396-Reviews-Charme_Restaurant-Abuja_Federal_Capital_Territory.html
177,Johnny Rockets,Abuja Photos,"Was very pleased to visit Johnny Rockets with over a dozen members of my family on a warm summer afternoon. This iconic, retro American restaurant franchise, known for its Burgers, Milkshakes, Hotdogs, Floats, Hand-spun Shakes, Soda Pops and Malts is quite a family-friendly and fun place to visit, in just about every country where the chain exists. There are about 3 Johnny Rockets' branches in Abuja; (maybe more). We visited the one located inside Discovery Mall, on Konoko Crescent, off Adetokunbo Ademola Street in Wuse 2. This particular branch was spread out over 2 floors. The 2nd floor was like a Sports Bar, adorned with a plethora of football (soccer) jerseys and several televisions. Everything looked clean, organised and well-maintained. Being at Johnny Rockets made me so nostalgic about when I used to live in the U.S. It brought back so many amazing memories. ü•∞

 Johnny Rockets is also synonymous with trendy memorabilia from a bygone era, mostly stemming from the 1940s onwards. These include, but are not limited to- tiled black & white checkered floors, deep red vinyl, swivelling stools and diner-like counters, black & white images of models, musicians, sports figures, happy children and regular folk. Decors of large cardboard illustrations of military men and women in uniform, (mostly World War 2 armed services attire), baseball superstars and other famous athletes like Muhammad Ali and Jackie Robinson, Pepsi Cola ads, vintage 'Life' and 'Time' magazine covers, etc are popular fixtures at Johnny Rockets. A Jukebox Machine/Station was just a prop, for show, which was a big disappointment to me because I would have loved to play some classic oldies! 
 
As I previously mentioned, this classic all American Diner serves the most enduring junk food enjoyed the world over. They had 9 Burgers, 9 Shareable Starters/Sides, 11 Fan Favourites (all Sandwiches), 10 'Exciting' Extras, 4 Salads, 16 Shakes, (plus one Kid's Shake), 4 Desserts, Soda Pops (just Sodas) and 4 Flavor Shots.  You could substitute the protein on any burger at no charge. Substitutes include Chicken Breast and 100% Soy Boca Burger. Now what on earth is a Soy Boca Burger??? ü§® Never heard of it! üòÑ As there were almost 20 of us, we ordered quite a lot. 

We got the following burgers: ROCKET SINGLE & ROCKET DOUBLE (Their Signature Hamburger, includes Cheddar Cheese, Crisp Iceberg Lettuce, Fresh Tomato, Sliced Onion and Special Sauce)- we got 3 Single and 1 Double; and THE NAIJA (Crisp Iceberg Lettuce, Fresh Sliced Tomato, White Onions, Mayonnaise and our Special Blend of Suya Spices. Exclusively made for the Nigerian Market, this Hamburger is Spicy and Delicious). We ordered 4 Naijas. We also got one order of the #12 HAMBURGER (Cheddar Cheese, Crisp Iceberg Lettuce, Sliced Onion, Crinkle-Cut Pickles, Mayonnaise & our Rockin' Red Sauce, Tangy Chilli Ketchup with a kick. This Hamburger debued on Johnny Rockets opening day. On a scale of 1-10, our guests rated it a 12!).

Other Burgers ordered were the ROUTE 66 (Swiss Cheese, Grilled Mushrooms, Caramelised Onions & Mayonnaise. This favourite is named after the iconic, carefree American Highway), and THE SPICY HOUSTON (Spicy Jalape√±os, Pepper Jack Cheese, Crisp Iceberg Lettuce, Fresh Tomato & our Smokin' Chipotle Ranch Sauce). We ordered 2 Route 66s and 2 Spicy Houstons. Orders for the younger members of our group included CHICKEN STRIPS (Lightly Breaded, Crispy Chicken Strips with your choice of BBQ, Ranch or Honey Mustard Dipping Sauce)- about 2, and ROCKET WINGS (Spicy Chicken Wings, served plain or tumbled in your choice of Traditional or Tangy Barbecue Sauce). 2 Rocket Wings we ordered. 

I ordered a TUNA MELT (White Albacore Tuna Salad, made fresh daily, with Melted Cheddar Cheese and grilled on your choice of White or Wheat Sliced Bread). We got a takeaway order, (for my husband), of CHICKEN CEASAR SALAD (Crisp Iceberg Lettuce, topped with a Juicy Grilled Chicken Breast, freshly grated Parmesan Cheese and our Home-Made Caesar Dressing). 9 FRIES and 2 CHEESE FRIES were gotten, plus 3 OREO MILKSHAKES and 1 VANILLA MILKSHAKE, as well as several SODAS. My # 12 Burger and Tuna Melt Sandwich turned out to be okay; nothing wow, nothing spectacular about the both of them. None of the dishes came with any pretty garnish, so everything looked rather plain and unattractive. I didn't like the fact that none of Johnny Rockets' Signature Burgers came with French Fries/Chips. You had to order these separately. I felt it should have come together, as a meal. 

Our service was decent. The food didn't take too long to emerge, and the staff were helpful and polite. I remember a guy named CHURCHILL, and a lady called GINA. It was a bit odd that they were all wearing jerseys, except for Churchill, who was the only employee who wore a Johnny Rockets uniform. Perhaps there was a reason why; maybe there was a football match later on that day/night? Just about everyone enjoyed what they ordered, with hardly any complaints. They especially liked their Milkshakes. I noticed that my niece and her nanny's Chicken Strips and Chicken Wings looked over fried. I would say it was an overall okay experience, so I would definitely consider returning to Johnny Rockets again. It was a huge letdown that they didn't have Hotdogs on the menu, which happen to be my favorite junk food! üå≠üòã Nevertheless, I did enjoy some quality family time at this Johnny Rockets, what with its cool, retro vibe and ambiance from yesteryear, and classic Fast Food options. However, the experience turns out to be just okay for me, so I wouldn't go so far as to highly recommend Johnny Rockets; maybe just a little bit! üòÑ",N/A,Call,"https://maps.apple.com/maps?saddr=&daddr=215 Konoko Crescent off Adetokunbo Ademola Street Wuse II, Abuja 905102 Nigeria@9.074564,7.475511",4.14.1 of 5 bubbles(109 reviews),https://www.tripadvisor.com/Restaurant_Review-g293825-d6953913-Reviews-Johnny_Rockets-Abuja_Federal_Capital_Territory.html
178,N/A,N/A,N/A,N/A,N/A,N/A,N/A,https://www.tripadvisor.com/Restaurant_Review-g293825-d27667767-Reviews-Halims_Smoke_House-Abuja_Federal_Capital_Territory.html
179,The Gatsby,Abuja Photos,N/A,N/A,Call,"https://maps.apple.com/maps?saddr=&daddr=2 Bujumbura Street, Abuja, Nigeria, Abuja 900211 Nigeria@9.076013,7.398473",No reviews yet(0 reviews),https://www.tripadvisor.com/Restaurant_Review-g293825-d25126312-Reviews-The_Gatsby-Abuja_Federal_Capital_Territory.html
180,Panache Restaurant,Abuja Photos,N/A,N/A,Call,"https://maps.apple.com/maps?saddr=&daddr=Plot 1061 Herbert Macaulay Way Leadway House, Near Nnpc Towers, Abuja 900211 Nigeria@9.052428,7.485866",4.34.3 of 5 bubbles(29 reviews),https://www.tripadvisor.com/Restaurant_Review-g293825-d8567375-Reviews-Panache_Restaurant-Abuja_Federal_Capital_Territory.html
181,N/A,N/A,N/A,N/A,N/A,N/A,N/A,https://www.tripadvisor.com/Restaurant_Review-g293825-d23635031-Reviews-Grillzhut_By_Derda-Abuja_Federal_Capital_Territory.html
182,Oriental,Abuja Photos,N/A,N/A,Call,"https://maps.apple.com/maps?saddr=&daddr=1 Aguiyi Ironsi Street. 1 Aguiyi Ironsi Street, Maitama, Abuja 900271 Nigeria@9.07789,7.49598",3.83.8 of 5 bubbles(22 reviews),https://www.tripadvisor.com/Restaurant_Review-g293825-d10081895-Reviews-Oriental-Abuja_Federal_Capital_Territory.html
183,Amazonia Restaurant,Abuja Photos,N/A,N/A,N/A,"https://maps.apple.com/maps?saddr=&daddr=7 Hombari St., Abuja 900288 Nigeria@9.076355,7.487427",4.04 of 5 bubbles(2 reviews),https://www.tripadvisor.com/Restaurant_Review-g293825-d23566837-Reviews-Amazonia_Restaurant-Abuja_Federal_Capital_Territory.html
184,La siesta restaurant and bar,Abuja Photos,N/A,N/A,Call,"https://maps.google.com/maps?saddr=&daddr=27 agenebode crec area 11 FMG park, Abuja 900103 Nigeria@9.036578,7.503698",No reviews yet(0 reviews),https://www.tripadvisor.com/Restaurant_Review-g293825-d27157780-Reviews-La_siesta_restaurant_and_bar-Abuja_Federal_Capital_Territory.html
185,Uncle T's,Abuja Photos,N/A,N/A,Call,"https://maps.apple.com/maps?saddr=&daddr=51 Alex Ekwueme way Jabi, Abuja Nigeria@9.07565,7.416466",No reviews yet(0 reviews),https://www.tripadvisor.com/Restaurant_Review-g293825-d26832324-Reviews-Uncle_T_s-Abuja_Federal_Capital_Territory.html
186,N/A,N/A,N/A,N/A,N/A,N/A,N/A,https://www.tripadvisor.com/Restaurant_Review-g293825-d25352251-Reviews-District_Restaurant_And_Lounge-Abuja_Federal_Capital_Territory.html
187,Seaside Restaurant,Abuja Photos,N/A,N/A,Call,"https://maps.apple.com/maps?saddr=&daddr=46 Euphrates Crescent, Abuja Nigeria@8.804441,7.198126",No reviews yet(0 reviews),https://www.tripadvisor.com/Restaurant_Review-g293825-d27506561-Reviews-Seaside_Restaurant-Abuja_Federal_Capital_Territory.html
188,N/A,N/A,N/A,N/A,N/A,N/A,N/A,https://www.tripadvisor.com/Restaurant_Review-g293825-d21376407-Reviews-Drinksworld_ng-Abuja_Federal_Capital_Territory.html
189,N/A,N/A,N/A,N/A,N/A,N/A,N/A,https://www.tripadvisor.com/Restaurant_Review-g293825-d20306188-Reviews-The_Yellow_Plate-Abuja_Federal_Capital_Territory.html
190,N/A,N/A,N/A,N/A,N/A,N/A,N/A,https://www.tripadvisor.com/Restaurant_Review-g293825-d21008843-Reviews-Crush_Cafe_Gwarimpa-Abuja_Federal_Capital_Territory.html
191,N/A,N/A,N/A,N/A,N/A,N/A,N/A,https://www.tripadvisor.com/Restaurant_Review-g293825-d23546595-Reviews-Salt_N_Pepper_Resturant_And_Takeaway-Abuja_Federal_Capital_Territory.html
192,Roofgrill & Bar,Abuja Photos,N/A,N/A,Call,"https://maps.apple.com/maps?saddr=&daddr=15 Alex Ekwueme Road Opp. Jabi, Abuja 000001 Nigeria@9.07905,7.4169",No reviews yet(0 reviews),https://www.tripadvisor.com/Restaurant_Review-g293825-d16853153-Reviews-Roofgrill_Bar-Abuja_Federal_Capital_Territory.html
193,Munchy's Kitchen,Abuja Photos,N/A,N/A,Call,"https://maps.google.com/maps?saddr=&daddr=6/8 3rd Avenue, Gwarinpa Estate, Abuja, Nigeria, Abuja Nigeria@9.061633,7.398705",No reviews yet(0 reviews),https://www.tripadvisor.com/Restaurant_Review-g293825-d24189206-Reviews-Munchy_s_Kitchen-Abuja_Federal_Capital_Territory.html
194,Obudu Place,Abuja Photos,N/A,N/A,Call,"https://maps.apple.com/maps?saddr=&daddr=No 2b Batna Close Off Agadez, Abuja Nigeria@9.075887,7.473593",No reviews yet(0 reviews),https://www.tripadvisor.com/Restaurant_Review-g293825-d24935959-Reviews-Obudu_Place-Abuja_Federal_Capital_Territory.html
195,Lagos Bistro Abuja,Abuja Photos,N/A,N/A,Call,"https://maps.google.com/maps?saddr=&daddr=Humbori Street 7 2 Adetokunbo Ademola Cr., Abuja 900288 Nigeria@9.076249,7.487343",No reviews yet(0 reviews),https://www.tripadvisor.com/Restaurant_Review-g293825-d22851020-Reviews-Lagos_Bistro_Abuja-Abuja_Federal_Capital_Territory.html
196,Kerics Food,Abuja Photos,N/A,N/A,N/A,"https://maps.apple.com/maps?saddr=&daddr=Prince and Princess Estate Abuja, Abuja Nigeria@9.00182,7.455",4.04 of 5 bubbles(1 review),https://www.tripadvisor.com/Restaurant_Review-g293825-d17593174-Reviews-Kerics_Food-Abuja_Federal_Capital_Territory.html
197,Habil Caf√©,Abuja Photos,N/A,N/A,Call,"https://maps.apple.com/maps?saddr=&daddr=169 Ademola Adetokunbo Crescent, Abuja 900288 Nigeria@9.069064,7.478429",No reviews yet(0 reviews),https://www.tripadvisor.com/Restaurant_Review-g293825-d23142527-Reviews-Habil_Cafe-Abuja_Federal_Capital_Territory.html
198,Pizzarama Restaurant Limited,Abuja Photos,N/A,N/A,Call,"https://maps.apple.com/maps?saddr=&daddr=17 Aminu Kano Crescent Wuse II Abuja, Nigeria, Abuja 900288 Nigeria@9.07277,7.46802",3.43.4 of 5 bubbles(5 reviews),https://www.tripadvisor.com/Restaurant_Review-g293825-d10696317-Reviews-Pizzarama_Restaurant_Limited-Abuja_Federal_Capital_Territory.html
199,Flames Churrasco Grill and Bar,Abuja Photos,N/A,N/A,Call,"https://maps.apple.com/maps?saddr=&daddr=46 Euphrates Crescent, Wuse, Abuja 905102 Nigeria@9.07452,7.46524",4.04 of 5 bubbles(1 review),https://www.tripadvisor.com/Restaurant_Review-g293825-d13412097-Reviews-Flames_Churrasco_Grill_and_Bar-Abuja_Federal_Capital_Territory.html
200,N/A,N/A,N/A,N/A,N/A,N/A,N/A,https://www.tripadvisor.com/Restaurant_Review-g293825-d25309070-Reviews-Ocean_Basket_Jabi_Lake_Mall_Abuja-Abuja_Federal_Capital_Territory.html
201,Healthnhealthy Specialty Bakery & Cafe,Abuja Photos,N/A,N/A,N/A,"https://maps.google.com/maps?saddr=&daddr=1st Avenue Plot 72, near Bunny B Shops, Gwarinpa Estate, Abuja 905102 Nigeria@9.10274,7.41724",4.64.6 of 5 bubbles(5 reviews),https://www.tripadvisor.com/Restaurant_Review-g293825-d12535801-Reviews-Healthnhealthy_Specialty_Bakery_Cafe-Abuja_Federal_Capital_Territory.html
202,N/A,N/A,N/A,N/A,N/A,N/A,N/A,https://www.tripadvisor.com/Restaurant_Review-g293825-d16845795-Reviews-Kitch_Afrik-Abuja_Federal_Capital_Territory.html
203,The Gazebo,Abuja Photos,N/A,N/A,Call,"https://maps.apple.com/maps?saddr=&daddr=249 Leventis Close Fraser Suites, Abuja Nigeria",5.05 of 5 bubbles(3 reviews),https://www.tripadvisor.com/Restaurant_Review-g293825-d20029644-Reviews-The_Gazebo-Abuja_Federal_Capital_Territory.html
204,Biobak Restaurant,Abuja Photos,N/A,N/A,Call,"https://maps.google.com/maps?saddr=&daddr=Nkwere Street, Abuja 905102 Nigeria@9.0331,7.49877",3.63.6 of 5 bubbles(67 reviews),https://www.tripadvisor.com/Restaurant_Review-g293825-d2720967-Reviews-Biobak_Restaurant-Abuja_Federal_Capital_Territory.html
205,Nostalgia Restaurant,Abuja Photos,N/A,N/A,Call,"https://maps.google.com/maps?saddr=&daddr=Plot 1139 Cadastral Zone B07, Next to Aso Radio, Bon Hotel Grand Towers, Abuja 901101 Nigeria@9.238751,7.405343",5.05 of 5 bubbles(1 review),https://www.tripadvisor.com/Restaurant_Review-g293825-d13087611-Reviews-Nostalgia_Restaurant-Abuja_Federal_Capital_Territory.html
206,Da Bang Cafe,Abuja Photos,N/A,N/A,N/A,"https://maps.google.com/maps?saddr=&daddr=No. 61, Mall, 63 Adetokunbo Ademola Cres, Wuse 2m, Abuja Nigeria@9.070896,7.483255",No reviews yet(0 reviews),https://www.tripadvisor.com/Restaurant_Review-g293825-d29004546-Reviews-Da_Bang_Cafe-Abuja_Federal_Capital_Territory.html
207,Hajwan Food Planet Abuja,Abuja Photos,N/A,N/A,Call,"https://maps.apple.com/maps?saddr=&daddr=Catholic Church of Annunciation Junction Kpaduma II, Guzape District, Abuja 900104 Nigeria",No reviews yet(0 reviews),https://www.tripadvisor.com/Restaurant_Review-g293825-d23472096-Reviews-Hajwan_Food_Planet_Abuja-Abuja_Federal_Capital_Territory.html
208,Curry Leaves,Abuja Photos,N/A,N/A,Call,"https://maps.apple.com/maps?saddr=&daddr=Bangui Street, Abuja Nigeria@9.06882,7.48064",4.04 of 5 bubbles(2 reviews),https://www.tripadvisor.com/Restaurant_Review-g293825-d18313237-Reviews-Curry_Leaves-Abuja_Federal_Capital_Territory.html
209,Flames Restaurant & Bar,Abuja Photos,N/A,N/A,Call,"https://maps.apple.com/maps?saddr=&daddr=1st Floor Silverbird Mall Central Business District, Abuja 900211 Nigeria@9.064595,7.485987",No reviews yet(0 reviews),https://www.tripadvisor.com/Restaurant_Review-g293825-d23343754-Reviews-Flames_Restaurant_Bar-Abuja_Federal_Capital_Territory.html
210,The Pier Restaurant & Lounge,Abuja Photos,N/A,N/A,N/A,"https://maps.apple.com/maps?saddr=&daddr=Plot 498 Ahmadu Bello Way, Kado, Abuja Nigeria",No reviews yet(0 reviews),https://www.tripadvisor.com/Restaurant_Review-g293825-d19962189-Reviews-The_Pier_Restaurant_Lounge-Abuja_Federal_Capital_Territory.html
211,Domino's Pizza,Abuja Photos,N/A,N/A,Call,"https://maps.google.com/maps?saddr=&daddr=52 Kumasi Cresent, Off Aminu Kano treet - Wuse II, Abuja., Abuja 905102 Nigeria@9.079818,7.47705",3.73.7 of 5 bubbles(58 reviews),https://www.tripadvisor.com/Restaurant_Review-g293825-d8686693-Reviews-Domino_s_Pizza-Abuja_Federal_Capital_Territory.html
212,Come Chop Bole & Grillz,Abuja Photos,N/A,N/A,Call,"https://maps.apple.com/maps?saddr=&daddr=4th Ave., Abuja 900211 Nigeria@9.116805,7.402764",No reviews yet(0 reviews),https://www.tripadvisor.com/Restaurant_Review-g293825-d24088704-Reviews-Come_Chop_Bole_Grillz-Abuja_Federal_Capital_Territory.html
213,Eat to Live Lifestyle,Abuja Photos,N/A,N/A,Call,"https://maps.google.com/maps?saddr=&daddr=Aminu Kano Cres. Located Inside Wuse 2, Abuja, Nigeria, GCL Plaza Suite 102 Next to 1st Forty Hotel, Abuja 900288 Nigeria@9.07277,7.46802",4.54.5 of 5 bubbles(4 reviews),https://www.tripadvisor.com/Restaurant_Review-g293825-d11700335-Reviews-Eat_to_Live_Lifestyle-Abuja_Federal_Capital_Territory.html
214,Cilantro Abuja airport,Abuja Photos,N/A,N/A,N/A,"https://maps.apple.com/maps?saddr=&daddr=Nnamdi Azikiwe airport, Abuja Nigeria@9.006259,7.269506",No reviews yet(0 reviews),https://www.tripadvisor.com/Restaurant_Review-g293825-d26586356-Reviews-Cilantro_Abuja_airport-Abuja_Federal_Capital_Territory.html
215,Wingist Restaurant And Sports Bar,Abuja Photos,N/A,N/A,Call,"https://maps.google.com/maps?saddr=&daddr=No 7 Lingu Crescent Wuse 2 House Of Freeda Building Opposite Chicken Capitol, Abuja 901008 Nigeria@9.05785,7.49508",No reviews yet(0 reviews),https://www.tripadvisor.com/Restaurant_Review-g293825-d23314125-Reviews-Wingist_Restaurant_And_Sports_Bar-Abuja_Federal_Capital_Territory.html
216,N/A,N/A,N/A,N/A,N/A,N/A,N/A,https://www.tripadvisor.com/Restaurant_Review-g293825-d13547552-Reviews-Asiana_Restaurant_Bar-Abuja_Federal_Capital_Territory.html
217,Sofa Lounge,Abuja Photos,N/A,N/A,N/A,"https://maps.apple.com/maps?saddr=&daddr=81 Adetokumbo Ademola Crescent Wuse 2, Abuja 900288 Nigeria",3.33.3 of 5 bubbles(7 reviews),https://www.tripadvisor.com/Restaurant_Review-g293825-d8506912-Reviews-Sofa_Lounge-Abuja_Federal_Capital_Territory.html
218,Palominos Restaurant,Abuja Photos,N/A,N/A,Call,"https://maps.apple.com/maps?saddr=&daddr=Plot 367 Aminu Kano Cres, Abuja 900288 Nigeria@9.083656,7.46967",1.01 of 5 bubbles(1 review),https://www.tripadvisor.com/Restaurant_Review-g293825-d23760310-Reviews-Palominos_Restaurant-Abuja_Federal_Capital_Territory.html
219,The Dome,Abuja Photos,AMAZING MINDBLOWING EXPERIENCE,N/A,Call,"https://maps.apple.com/maps?saddr=&daddr=Adekunle Fajuyi Way, Abuja 900211 Nigeria@9.046545,7.467194",3.63.6 of 5 bubbles(9 reviews),https://www.tripadvisor.com/Restaurant_Review-g293825-d14184009-Reviews-The_Dome-Abuja_Federal_Capital_Territory.html
220,Amakasnativepot,Abuja Photos,N/A,N/A,Call,"https://maps.apple.com/maps?saddr=&daddr=Amina Court Apartments, Abuja Nigeria@9.00089,7.47311",5.05 of 5 bubbles(1 review),https://www.tripadvisor.com/Restaurant_Review-g293825-d17614374-Reviews-Amakasnativepot-Abuja_Federal_Capital_Territory.html
221,"6ixx Restaurant, Bar And Grill",Abuja Photos,N/A,N/A,Call,"https://maps.apple.com/maps?saddr=&daddr=Maitama, Abuja, Nigeria 10a Yedsebam St., Abuja 900221 Nigeria@9.093153,7.495093",No reviews yet(0 reviews),https://www.tripadvisor.com/Restaurant_Review-g293825-d24181882-Reviews-6ixx_Restaurant_Bar_And_Grill-Abuja_Federal_Capital_Territory.html
222,Chi Thai Revolution,Abuja Photos,N/A,N/A,+234 818 116 1826,"https://maps.google.com/maps?saddr=&daddr=15 Rhine St., Abuja 900271 Nigeria@9.0708,7.4882",4.14.1 of 5 bubbles(19 reviews),https://www.tripadvisor.com/Restaurant_Review-g293825-d8527996-Reviews-Chi_Thai_Revolution-Abuja_Federal_Capital_Territory.html
223,N/A,N/A,N/A,N/A,N/A,N/A,N/A,https://www.tripadvisor.com/Restaurant_Review-g293825-d14048886-Reviews-Casa_Mexicana_the_Restaurant-Abuja_Federal_Capital_Territory.html
224,N/A,N/A,N/A,N/A,N/A,N/A,N/A,https://www.tripadvisor.com/Restaurant_Review-g293825-d24912454-Reviews-The_Barlance-Abuja_Federal_Capital_Territory.html
225,Ketchup Cafe Abuja,Abuja Photos,N/A,N/A,Call,"https://maps.apple.com/maps?saddr=&daddr=Omega Centre, Aminu Kano Crescent Wuse 2, Abuja 900288 Nigeria@9.07989,7.47711",4.04 of 5 bubbles(1 review),https://www.tripadvisor.com/Restaurant_Review-g293825-d13002435-Reviews-Ketchup_Cafe_Abuja-Abuja_Federal_Capital_Territory.html
226,N/A,N/A,N/A,N/A,N/A,N/A,N/A,https://www.tripadvisor.com/Restaurant_Review-g293825-d24113554-Reviews-Krunchill_Shawarma-Abuja_Federal_Capital_Territory.html
227,The Clove Restaurant,Abuja Photos,N/A,N/A,Call,"https://maps.apple.com/maps?saddr=&daddr=51 Libreville Crescent Wuse 2 Close To Beer Barn, Wuse 2, Abuja Nigeria@9.075533,7.463667",No reviews yet(0 reviews),https://www.tripadvisor.com/Restaurant_Review-g293825-d24107043-Reviews-The_Clove_Restaurant-Abuja_Federal_Capital_Territory.html
228,N/A,N/A,N/A,N/A,N/A,N/A,N/A,https://www.tripadvisor.com/Restaurant_Review-g293825-d27506518-Reviews-Seaside_Restaurant-Abuja_Federal_Capital_Territory.html
229,Green Siberia Cuisine,Abuja Photos,N/A,N/A,Call,"https://maps.google.com/maps?saddr=&daddr=No 22, Aguiyi Ironsi Street (merit House) Maitama, Abuja 900100 Nigeria@9.08105,7.490718",No reviews yet(0 reviews),https://www.tripadvisor.com/Restaurant_Review-g293825-d23981490-Reviews-Green_Siberia_Cuisine-Abuja_Federal_Capital_Territory.html
230,Mulu Ethopian Restaurant,Abuja Photos,N/A,N/A,N/A,"https://maps.apple.com/maps?saddr=&daddr=Near Gitto Street, Abuja Nigeria@9.03391,7.48888",No reviews yet(0 reviews),https://www.tripadvisor.com/Restaurant_Review-g293825-d17817168-Reviews-Mulu_Ethopian_Restaurant-Abuja_Federal_Capital_Territory.html
231,Cakehut Cafe,Abuja Photos,N/A,N/A,Call,"https://maps.apple.com/maps?saddr=&daddr=Ahmadu Bello Way River Plate Park, Opp Football Field, Wuse II Abuja Municipal, Abuja 900281 Nigeria@9.05655,7.49848",5.05 of 5 bubbles(2 reviews),https://www.tripadvisor.com/Restaurant_Review-g293825-d14998204-Reviews-Cakehut_Cafe-Abuja_Federal_Capital_Territory.html
232,Kungfu,Abuja Photos,N/A,N/A,N/A,"https://maps.google.com/maps?saddr=&daddr=32 Ekukinam Street Alibro Atrium Plaza, Beside Abc Transport, Abuja 905102 Nigeria@9.066939,7.439397",3.83.8 of 5 bubbles(6 reviews),https://www.tripadvisor.com/Restaurant_Review-g293825-d8873843-Reviews-Kungfu-Abuja_Federal_Capital_Territory.html
233,Akadu Bistro,Abuja Photos,N/A,N/A,Call,"https://maps.apple.com/maps?saddr=&daddr=30 Sokode Crescent, Wuse Zone 5, Abuja Nigeria@9.05785,7.49508",No reviews yet(0 reviews),https://www.tripadvisor.com/Restaurant_Review-g293825-d32828703-Reviews-Akadu_Bistro-Abuja_Federal_Capital_Territory.html
234,Da Chimney Restaurant and Bar,Abuja Photos,N/A,N/A,Call,"https://maps.apple.com/maps?saddr=&daddr=2 Aminu Kano Cres. Silverbird entertainment centre, near yaradua centre,, Abuja 900288 Nigeria@9.07277,7.46802",3.23.2 of 5 bubbles(10 reviews),https://www.tripadvisor.com/Restaurant_Review-g293825-d7369423-Reviews-Da_Chimney_Restaurant_and_Bar-Abuja_Federal_Capital_Territory.html
235,Grounded Cafe,Abuja Photos,N/A,N/A,+234 809 153 3000,"https://maps.google.com/maps?saddr=&daddr=10 Fandriana Close Off, Oda Cres, Abuja 900120 Nigeria@9.077345,7.470345",4.74.7 of 5 bubbles(3 reviews),https://www.tripadvisor.com/Restaurant_Review-g293825-d20112879-Reviews-Grounded_Cafe-Abuja_Federal_Capital_Territory.html
236,K & F FoodArt,Abuja Photos,N/A,N/A,Call,"https://maps.apple.com/maps?saddr=&daddr=54 Mike Akghibe Way, Abuja 240102 Nigeria@9.071948,7.431737",4.74.7 of 5 bubbles(3 reviews),https://www.tripadvisor.com/Restaurant_Review-g293825-d19681295-Reviews-K_F_FoodArt-Abuja_Federal_Capital_Territory.html
237,N/A,N/A,N/A,N/A,N/A,N/A,N/A,https://www.tripadvisor.com/Restaurant_Review-g293825-d25241493-Reviews-Liquid_Hub_Abuja-Abuja_Federal_Capital_Territory.html
238,Timeout Restaurant,Abuja Photos,N/A,N/A,+234 818 000 9877,"https://maps.google.com/maps?saddr=&daddr=Lingu Crescent 2 2nd Ave. off Amino Kano Crescent, Abuja 900211 Nigeria@9.07117,7.46758",No reviews yet(0 reviews),https://www.tripadvisor.com/Restaurant_Review-g293825-d20322062-Reviews-Timeout_Restaurant-Abuja_Federal_Capital_Territory.html
239,Caprice Restaurant & Bar,Abuja Photos,N/A,N/A,Call,"https://maps.apple.com/maps?saddr=&daddr=Number 53 - 4th Avenue, Abuja 905102 Nigeria@9.11733,7.4061",5.05 of 5 bubbles(1 review),https://www.tripadvisor.com/Restaurant_Review-g293825-d14182500-Reviews-Caprice_Restaurant_Bar-Abuja_Federal_Capital_Territory.html
240,Nikky Bakes & Cafe,Abuja Photos,N/A,N/A,Call,"https://maps.apple.com/maps?saddr=&daddr=Plot 112 Aminu Kano Crescent, Abuja 900288 Nigeria@9.07452,7.46524",4.04 of 5 bubbles(1 review),https://www.tripadvisor.com/Restaurant_Review-g293825-d19250149-Reviews-Nikky_Bakes_Cafe-Abuja_Federal_Capital_Territory.html
241,Duna Dura,Abuja Photos,N/A,N/A,Call,"https://maps.google.com/maps?saddr=&daddr=Plot 118 Ahmadu Bello Way, Kado 5th Floor, Casa Bellissima Mall, Abuja 900108 Nigeria@9.088886,7.430807",No reviews yet(0 reviews),https://www.tripadvisor.com/Restaurant_Review-g293825-d25452032-Reviews-Duna_Dura-Abuja_Federal_Capital_Territory.html
242,N/A,N/A,N/A,N/A,N/A,N/A,N/A,https://www.tripadvisor.com/Restaurant_Review-g293825-d26613394-Reviews-Selingo_Restaurant_and_Grill-Abuja_Federal_Capital_Territory.html
243,Grand Restaurant at GRAND PELA HOTEL & SUITES,Abuja Photos,N/A,N/A,Call,"https://maps.google.com/maps?saddr=&daddr=Plot 649 Cadastral Zone Durumi F.C.T, Abuja 900104 Nigeria@9.026859,7.459511",1.01 of 5 bubbles(1 review),https://www.tripadvisor.com/Restaurant_Review-g293825-d24011174-Reviews-Grand_Restaurant_at_GRAND_PELA_HOTEL_SUITES-Abuja_Federal_Capital_Territory.html
244,Amazing Best Shawarma & Grills Ltd,Abuja Photos,N/A,N/A,N/A,"https://maps.apple.com/maps?saddr=&daddr=Plot 551 Abdulsalam Abubakar Road Before Prince Ebeano Supermarket, Abuja 900231 Nigeria@8.804441,7.198126",No reviews yet(0 reviews),https://www.tripadvisor.com/Restaurant_Review-g293825-d23106932-Reviews-Amazing_Best_Shawarma_Grills_Ltd-Abuja_Federal_Capital_Territory.html
245,Canes & Lemons Restaurant,Abuja Photos,N/A,N/A,Call,"https://maps.apple.com/maps?saddr=&daddr=7 Hombori, Abuja Nigeria@9.078749,7.470186",3.03 of 5 bubbles(1 review),https://www.tripadvisor.com/Restaurant_Review-g293825-d26872020-Reviews-Canes_Lemons_Restaurant-Abuja_Federal_Capital_Territory.html
246,"Bronz Cafe Gwarinpa, Abuja, Nigeria",Abuja Photos,N/A,N/A,Call,"https://maps.apple.com/maps?saddr=&daddr=69 Road, Gwarinpa Estate Address: Big Ideas mall, plot 869, 69 Road, off 6th avenue. Gwarinpa Estate, Abuja., Abuja 900003 Nigeria",5.05 of 5 bubbles(2 reviews),https://www.tripadvisor.com/Restaurant_Review-g293825-d15684872-Reviews-Bronz_Cafe_Gwarinpa_Abuja_Nigeria-Abuja_Federal_Capital_Territory.html
247,N/A,N/A,N/A,N/A,N/A,N/A,N/A,https://www.tripadvisor.com/Restaurant_Review-g293825-d23328349-Reviews-Hustle_and_Bustle-Abuja_Federal_Capital_Territory.html
248,N/A,N/A,N/A,N/A,N/A,N/A,N/A,https://www.tripadvisor.com/Restaurant_Review-g293825-d27749479-Reviews-Astro_Diner_Takeaway-Abuja_Federal_Capital_Territory.html
249,N/A,N/A,N/A,N/A,N/A,N/A,N/A,https://www.tripadvisor.com/Restaurant_Review-g293825-d27141648-Reviews-Bull_And_Gate-Abuja_Federal_Capital_Territory.html
250,Silk Road Restaurant Abuja,Abuja Photos,"I visited Silk Road Restaurant for the very first time when my family and friends held a surprise 40th birthday party for me here about 3 years ago. You can read my TripAdvisor review of that lovely experience. On this trip to Abuja, I was fortunate to visit Silk Road on 2 seperate occasions- one with my husband, and one with my family to celebrate a nephew's graduation from secondary (high) school. I confused Silk Road Restaurant with 'Sinoni' Restaurant for a long time. This is because Silk Road happens to be located inside 'Sinoki' House, often referred to as Sinoki Building, so whenever you mention Sinoni- (a seperate, stand alone restaurant), it's mixed up with Silk Road Restaurant. I won't make that mistake again! Especially given the fact that I visited Sinoni Chinese Restaurant too. 

Sinoki House is a large building located in Abuja's Central Business District. Silk Road is located inside Sinoki- on the 5th floor, and the other floors appear to be office spaces. Sinoki House was unveiled and officially commissioned by the former First Lady of Nigeria, Mrs. Aisha Muhammad Buhari and former Nigerian Football Superstar, Daniel Amokachi on Saturday, 15th of December, 2018. There's a plethora of pictures and mementos of the event in and around the Sinoki Building. The decor of Silk Road has a casual and simplistic Asian vibe with attractive wooden accents, comfortable chairs covered in red, and a white & brown table spread. 

Silk Road has great, sprawling views of Abuja Metropolis, (refer to my posted photos). They have lots of private dining rooms. I had my surprise birthday party in one of those rooms, and on the visit with my family, we dined in the Shanghai Room, then with my husband, we sat in the main restaurant. Silk Road Restaurant has an extensive menu with many Chinese Classics and Favorites, including 'Claypot' options. I appreciated the fact that their menu came on/in an iPad, and they also had a hard copy menu, as opposed to accessing it via that pesky Q.R Code format, which is so annoying to me. 

On the first visit to Silk Road, my husband and I ordered the BUTTERFLY KING PRAWN CUTLETS and DEEP FRIED PRAWN SPRING ROLLS for our Starters. He got the CREAM SEAFOOD SOUP. For our Main Course, it was the FRIED PRAWNS WITH SWEET & SOUR SAUCE, STIR-FRIED YELLOW CATTLE MEAT and a SPECIAL FRIED RICE. I got the CHAPMAN for my drink. Everything tasted absolutely phenomenal, so authentic and packed full of all those wonderful flavours we know and love about Chinese Food. It's without a doubt our favourite cuisine.....by far! üòã

On the second visit, (with my extended family), we ordered the following soups: SWEET CORN SOUP WITH MINCED CHICKEN, HOT & SOUR SOUP (PEKING), SHREDDED CHICKEN WITH CRABMEAT SOUP and SEAFOOD SOUP WITH BEAN CURD; the latter being mine. For our Appetisers, we got BUTTERFLY KING PRAWNS CUTLET and DEEP FRIED PRAWN SPRING ROLLS, one per person. Those seem to be quite popular items at Silk Road! üòÑ For the Mains, it was multiple plates of FRIED PRAWNS ON HOT PLATE, FRIED CHICKEN WITH SWEET & SOUR SAUCE, SHREDDED BEEF WITH GREEN PEPPER, FRIED SLICED BEEF WITH SPRING ONIONS ON HOT PLATE, FRIED CROAKER FISH FILLET IN CHILLI SAUCE, then several plates of FRIED NOODLES WITH ASSORTED VEGETABLES, SPECIAL FRIED RICE and FRIED SINGAPORE RICE NOODLES. We were a party of 13, hence the copious amount of food. The food was served with large glass pitchers of CHAPMAN. 

Unsurprisingly, our food was just as delicious as ever, like my maiden, as well as my second visit. Silk Road Restaurant has really 'got it going on' in the taste department! üòã üëèüèº The only criticism I/we had about the food was our soup(s) tasted flat and underseasoned. My adult daughter described it as 'not well developed'! üòÑ I also noticed a bunch of holes on the white table linen- (check my posted photo of one). The toilet adjoined to the 'Shanghai' Private Dining Room wasn't very clean and well-maintained. I'd also like to call their attention to the Karaoke Machine in the Shanghai Room. It wasn't working properly and had quite a limited selection of songs, most notably Micheal Jackson songs and videos, plus a few of Beyonce Knowles. Microphone kept making a screeching, ear piercing sound! üôâ

Service at Silk Road was overall okay, though I didn't get the name of any waiter because they weren't wearing name tags. I found the prices at Silk Road exorbitantly high! On our second visit- (even though there were over a dozen of us), the bill came out to over half a million Naira! üòµ This is roughly about 700 Dollars or 680 Euros!üò´ The surcharge, (perhaps service charge) came out to about 50 thousand Naira, and what looked like an additional 7.50% tax fee. I know the food was good, but was it really 'that good'?!?! ü§î I'm not so sure that these outrageous prices are justified, but that's just me! ü§∑üèæ‚Äç‚ôÄÔ∏è It's a good thing I didn't pick up the tab on all 3 occasions! üòÜ Nevertheless, Silk Road Restaurant ranks as my favourite Chinese Restaurant in Abuja, based on my 'trio' of 'varied/unique' experiences here. 

The food here is quite amazing, and I can think of only one other restaurant- (in Maitama), that can hold a 'slight' candle to Silk Road, and I can unequivocally say that it's just not as good what is served here. I kindly urge them to fix their Karaoke Machine, because it would have significantly added to the fun, memorable experience I had when we dined here as a family. The toilet in 'Shanghai' should be refurbished, or at the barest minimum- cleaned up. Silk Road is home to some hearty, wholesome, and simply delicious Chinese Food that everyone should endeavour to visit when in Abuja. Trust me, you won't regret it! Keep up the great job Silk Road! üòâ Highly, highly, highly recommended!!! üëèüèºüëçüèΩüëèüèºüëçüèΩ",N/A,Call,"https://maps.apple.com/maps?saddr=&daddr=Plot 770 Off Samuel Ademulegun Avenue Sinoki House, Opp Federal Ministry Of Transport, Central Business District, Abuja 234009 Nigeria@9.05706,7.4826",4.24.2 of 5 bubbles(18 reviews),https://www.tripadvisor.com/Restaurant_Review-g293825-d15817119-Reviews-Silk_Road_Restaurant_Abuja-Abuja_Federal_Capital_Territory.html
251,N/A,N/A,N/A,N/A,N/A,N/A,N/A,https://www.tripadvisor.com/Restaurant_Review-g293825-d27431094-Reviews-Breadish-Abuja_Federal_Capital_Territory.html
252,The shark express,Abuja Photos,N/A,N/A,Call,"https://maps.apple.com/maps?saddr=&daddr=15 Third Avenue Gwarinpa, Abuja Nigeria@9.097157,7.412457",No reviews yet(0 reviews),https://www.tripadvisor.com/Restaurant_Review-g293825-d21403077-Reviews-The_shark_express-Abuja_Federal_Capital_Territory.html
253,Ashake Kitchen,Abuja Photos,N/A,N/A,Call,"https://maps.google.com/maps?saddr=&daddr=Area 3 Beside Total Filling Station, Abuja 900211 Nigeria@9.03818,7.46528",No reviews yet(0 reviews),https://www.tripadvisor.com/Restaurant_Review-g293825-d19713965-Reviews-Ashake_Kitchen-Abuja_Federal_Capital_Territory.html
254,The Avenue,Abuja Photos,N/A,N/A,Call,"https://maps.apple.com/maps?saddr=&daddr=27 Alexandria Crescent Wuse, Abuja Nigeria@9.082815,7.466215",No reviews yet(0 reviews),https://www.tripadvisor.com/Restaurant_Review-g293825-d31010542-Reviews-The_Avenue-Abuja_Federal_Capital_Territory.html
255,N/A,N/A,N/A,N/A,N/A,N/A,N/A,https://www.tripadvisor.com/Restaurant_Review-g293825-d23314166-Reviews-Eden_By_Wingsit-Abuja_Federal_Capital_Territory.html
256,Dodo Pizza Apo Mall,Abuja Photos,N/A,N/A,Call,"https://maps.apple.com/maps?saddr=&daddr=Along Murtala Mohammed Express Way, Abuja 900110 Nigeria@9.05785,7.49508",No reviews yet(0 reviews),https://www.tripadvisor.com/Restaurant_Review-g293825-d33011538-Reviews-Dodo_Pizza_Apo_Mall-Abuja_Federal_Capital_Territory.html
257,Rouge royale,Abuja Photos,N/A,N/A,Call,"https://maps.apple.com/maps?saddr=&daddr=41a Libreville street, Abuja 905102 Nigeria@9.05792,7.46298",4.54.5 of 5 bubbles(2 reviews),https://www.tripadvisor.com/Restaurant_Review-g293825-d4753940-Reviews-Rouge_royale-Abuja_Federal_Capital_Territory.html
258,Brook Lounge by West Brook,Abuja Photos,N/A,N/A,N/A,"https://maps.google.com/maps?saddr=&daddr=Plot 269 Muhammad I, Mohammadu Buhari Way, Abuja 234 Nigeria@9.074571,7.495379",4.04 of 5 bubbles(1 review),https://www.tripadvisor.com/Restaurant_Review-g293825-d23605060-Reviews-Brook_Lounge_by_West_Brook-Abuja_Federal_Capital_Territory.html
259,Lightout Restaurant,Abuja Photos,N/A,N/A,Call,"https://maps.apple.com/maps?saddr=&daddr=168,aminu Kano Crescent, Wuse2, Abuja 900211 Nigeria@9.080399,7.477506",5.05 of 5 bubbles(10 reviews),https://www.tripadvisor.com/Restaurant_Review-g293825-d23705466-Reviews-Lightout_Restaurant-Abuja_Federal_Capital_Territory.html
260,Hootas Restaurant. Lounge & Event Centre,Abuja Photos,N/A,N/A,Call,"https://maps.apple.com/maps?saddr=&daddr=No 16 Bangui Street Off Ademola Adetokunbo Crescent, Wuse 2, Abuja Nigeria@9.06882,7.48064",5.05 of 5 bubbles(1 review),https://www.tripadvisor.com/Restaurant_Review-g293825-d15007665-Reviews-Hootas_Restaurant_Lounge_Event_Centre-Abuja_Federal_Capital_Territory.html
261,Belleti's Cuisine,Abuja Photos,N/A,N/A,Call,"https://maps.google.com/maps?saddr=&daddr=No. 28 Agadez Crescent, Wuse 2, Abuja 900288 Nigeria@9.071571,7.471265",No reviews yet(0 reviews),https://www.tripadvisor.com/Restaurant_Review-g293825-d23675768-Reviews-Belleti_s_Cuisine-Abuja_Federal_Capital_Territory.html
262,N/A,N/A,N/A,N/A,N/A,N/A,N/A,https://www.tripadvisor.com/Restaurant_Review-g293825-d13783974-Reviews-Maison_The_Cafe-Abuja_Federal_Capital_Territory.html
263,Dunes Continental Restaurant,Abuja Photos,N/A,N/A,N/A,"https://maps.apple.com/maps?saddr=&daddr=N44 Aguiyi Ironsi Way, Abuja 900271 Nigeria@9.08396,7.48526",4.04 of 5 bubbles(27 reviews),https://www.tripadvisor.com/Restaurant_Review-g293825-d4288088-Reviews-Dunes_Continental_Restaurant-Abuja_Federal_Capital_Territory.html
264,N/A,N/A,N/A,N/A,N/A,N/A,N/A,https://www.tripadvisor.com/Restaurant_Review-g293825-d23175939-Reviews-Mcdowals_Figaro_s-Abuja_Federal_Capital_Territory.html
265,Kooks Bistro,Abuja Photos,N/A,N/A,Call,"https://maps.apple.com/maps?saddr=&daddr=Aminu Kano Cres., Abuja 900281 Nigeria@9.07277,7.46802",4.34.3 of 5 bubbles(4 reviews),https://www.tripadvisor.com/Restaurant_Review-g293825-d13631279-Reviews-Kooks_Bistro-Abuja_Federal_Capital_Territory.html
266,Guava Cocktail & Tapas Bar,Abuja Photos,N/A,N/A,Call,"https://maps.apple.com/maps?saddr=&daddr=137 Adetokunbo Ademola Crescent Wuse 2, Abuja 900281 Nigeria@8.83333,7.16667",No reviews yet(0 reviews),https://www.tripadvisor.com/Restaurant_Review-g293825-d32879409-Reviews-Guava_Cocktail_Tapas_Bar-Abuja_Federal_Capital_Territory.html
267,Caesars' Restaurant,Abuja Photos,N/A,N/A,Call,"https://maps.apple.com/maps?saddr=&daddr=10 Nile St. Maitama District, Abuja 900271 Nigeria@9.09526,7.4815",4.04 of 5 bubbles(1 review),https://www.tripadvisor.com/Restaurant_Review-g293825-d16824707-Reviews-Caesars_Restaurant-Abuja_Federal_Capital_Territory.html
268,Ari's Place,Abuja Photos,N/A,N/A,Call,"https://maps.google.com/maps?saddr=&daddr=17 Aminu kano Wuse II, Abuja 990222 Nigeria@9.08405,7.47044",4.04 of 5 bubbles(1 review),https://www.tripadvisor.com/Restaurant_Review-g293825-d15676163-Reviews-Ari_s_Place-Abuja_Federal_Capital_Territory.html
